{"type":"FeatureCollection","metadata":{"source":"BD IBR PURB 2022-2027 - Annex 1.3.1.1 Niva i debiti podzemni vodi","period":"2019-2020","coordinate_system":"WGS84","feature_count":107},"features":[{"type":"Feature","geometry":{"type":"Point","coordinates":[23.82,42.364444444444445]},"properties":{"source_row":6,"sequence":1,"station_no":"601T3","old_station_no":"1091","eu_station_code":"BG3G00000PtMP317","latitude_dms":"42 21 52","longitude_dms":"23 49 12","latitude":42.364444444444445,"longitude":23.82,"point_type":"Tръбен кладенец","ground_elevation_m":635.424,"depth_m":485.0,"location":"Пчелин","catchment":"Марица-р.Очушница ","gwb_code_original":"BG3G0000Pt044","gwb_code":"BG3G00000Pt044","geological_index":"Pz","measurement_type":"level","measurement_unit":"cm","value_2019":285.0,"value_2020":286.0,"source":"BD IBR PURB 2022-2027 - Annex 1.3.1.1 Niva i debiti podzemni vodi","source_period":"2019-2020","level_2019_cm":285.0,"level_2020_cm":286.0,"discharge_2019_ls":null,"discharge_2020_ls":null,"spatial_qa":"confirmed","spatial_qa_bg":"Пространствено потвърден","distance_to_expected_gwb_m":0.0,"containing_gwb_codes":"BG3G00000Pt044","nearest_gwb_code":"BG3G00000Pt044"}},{"type":"Feature","geometry":{"type":"Point","coordinates":[23.982816666666665,42.00098333333333]},"properties":{"source_row":7,"sequence":2,"station_no":"604I2","old_station_no":"76","eu_station_code":"BG3G00000PtMP309","latitude_dms":"42 00 3.54","longitude_dms":"23 58 58.14","latitude":42.00098333333333,"longitude":23.982816666666665,"point_type":"Извор с ключова крива","ground_elevation_m":762.948,"depth_m":0.0,"location":"Велинград","catchment":"Чепинска река","gwb_code_original":"BG3G0000Pt038","gwb_code":"BG3G00000Pt038","geological_index":"Pt","measurement_type":"discharge","measurement_unit":"l/s","value_2019":606.0,"value_2020":578.0,"source":"BD IBR PURB 2022-2027 - Annex 1.3.1.1 Niva i debiti podzemni vodi","source_period":"2019-2020","level_2019_cm":null,"level_2020_cm":null,"discharge_2019_ls":606.0,"discharge_2020_ls":578.0,"spatial_qa":"confirmed","spatial_qa_bg":"Пространствено потвърден","distance_to_expected_gwb_m":0.0,"containing_gwb_codes":"BG3G00000NQ008|BG3G00000Pt038","nearest_gwb_code":"BG3G00000NQ008"}},{"type":"Feature","geometry":{"type":"Point","coordinates":[24.17388888888889,42.69888888888889]},"properties":{"source_row":8,"sequence":3,"station_no":"606S1","old_station_no":"533а","eu_station_code":"BG3G000000QMP327","latitude_dms":"42 41 56","longitude_dms":"24 10 26","latitude":42.69888888888889,"longitude":24.17388888888889,"point_type":"Шахтов кладенец","ground_elevation_m":660.51,"depth_m":6.44,"location":"Пирдоп","catchment":"р. Тополница","gwb_code_original":"BG3G000000Q001","gwb_code":"BG3G000000Q001","geological_index":"Qpr","measurement_type":"level","measurement_unit":"cm","value_2019":198.0,"value_2020":218.66666666666666,"source":"BD IBR PURB 2022-2027 - Annex 1.3.1.1 Niva i debiti podzemni vodi","source_period":"2019-2020","level_2019_cm":198.0,"level_2020_cm":218.66666666666666,"discharge_2019_ls":null,"discharge_2020_ls":null,"spatial_qa":"confirmed","spatial_qa_bg":"Пространствено потвърден","distance_to_expected_gwb_m":0.0,"containing_gwb_codes":"BG3G000000Q001","nearest_gwb_code":"BG3G000000Q001"}},{"type":"Feature","geometry":{"type":"Point","coordinates":[23.813333333333333,42.39805555555556]},"properties":{"source_row":9,"sequence":5,"station_no":"611S1","old_station_no":"671","eu_station_code":"BG3G00000NQMP328","latitude_dms":"42 23 53","longitude_dms":"23 48 48","latitude":42.39805555555556,"longitude":23.813333333333333,"point_type":"Шахтов кладенец","ground_elevation_m":676.034,"depth_m":11.9,"location":"Бодрово (Стамболово)","catchment":"Тополница-р.Мътивир ","gwb_code_original":"BG3G00000NQ006","gwb_code":"BG3G00000NQ006","geological_index":"Qpr","measurement_type":"level","measurement_unit":"cm","value_2019":590.0,"value_2020":554.0,"source":"BD IBR PURB 2022-2027 - Annex 1.3.1.1 Niva i debiti podzemni vodi","source_period":"2019-2020","level_2019_cm":590.0,"level_2020_cm":554.0,"discharge_2019_ls":null,"discharge_2020_ls":null,"spatial_qa":"boundary_near","spatial_qa_bg":"Близо до граница на ПВТ","distance_to_expected_gwb_m":239.33,"containing_gwb_codes":"BG3G00000Pt044","nearest_gwb_code":"BG3G00000Pt044"}},{"type":"Feature","geometry":{"type":"Point","coordinates":[23.812416666666667,42.437777777777775]},"properties":{"source_row":10,"sequence":6,"station_no":"614S1","old_station_no":"672a","eu_station_code":"BG3G00000NQMP330","latitude_dms":"42 26 16.0","longitude_dms":"23 48 44.7","latitude":42.437777777777775,"longitude":23.812416666666667,"point_type":"Шахтов кладенец","ground_elevation_m":0.0,"depth_m":8.3,"location":"Ихтиман","catchment":"Тополница-р.Мътивир ","gwb_code_original":"BG3G00000NQ006","gwb_code":"BG3G00000NQ006","geological_index":"Qpr","measurement_type":"level","measurement_unit":"cm","value_2019":515.0,"value_2020":510.5833333333333,"source":"BD IBR PURB 2022-2027 - Annex 1.3.1.1 Niva i debiti podzemni vodi","source_period":"2019-2020","level_2019_cm":515.0,"level_2020_cm":510.5833333333333,"discharge_2019_ls":null,"discharge_2020_ls":null,"spatial_qa":"confirmed","spatial_qa_bg":"Пространствено потвърден","distance_to_expected_gwb_m":0.0,"containing_gwb_codes":"BG3G00000NQ006","nearest_gwb_code":"BG3G00000NQ006"}},{"type":"Feature","geometry":{"type":"Point","coordinates":[24.319444444444443,42.25361111111111]},"properties":{"source_row":11,"sequence":7,"station_no":"616S1","old_station_no":"538","eu_station_code":"BG3G000000QMP331","latitude_dms":"42 15 13","longitude_dms":"24 19 10","latitude":42.25361111111111,"longitude":24.319444444444443,"point_type":"Шахтов кладенец","ground_elevation_m":224.115,"depth_m":8.0,"location":"Пазарджик - кв.Сарая","catchment":"Марица","gwb_code_original":"BG3G000000Q013","gwb_code":"BG3G000000Q013","geological_index":"Qal","measurement_type":"level","measurement_unit":"cm","value_2019":635.0,"value_2020":637.8333333333334,"source":"BD IBR PURB 2022-2027 - Annex 1.3.1.1 Niva i debiti podzemni vodi","source_period":"2019-2020","level_2019_cm":635.0,"level_2020_cm":637.8333333333334,"discharge_2019_ls":null,"discharge_2020_ls":null,"spatial_qa":"confirmed","spatial_qa_bg":"Пространствено потвърден","distance_to_expected_gwb_m":0.0,"containing_gwb_codes":"BG3G000000Q013|BG3G00000NQ018","nearest_gwb_code":"BG3G000000Q013"}},{"type":"Feature","geometry":{"type":"Point","coordinates":[24.245828055555556,42.18566222222222]},"properties":{"source_row":12,"sequence":8,"station_no":"617Т1","old_station_no":"","eu_station_code":"BG3G000000QMP332","latitude_dms":"42 11 08.384","longitude_dms":"24 14 44.981","latitude":42.18566222222222,"longitude":24.245828055555556,"point_type":"Tръбен кладенец","ground_elevation_m":218.085,"depth_m":49.0,"location":"Звъничево","catchment":"Марица","gwb_code_original":"BG3G000000Q013","gwb_code":"BG3G000000Q013","geological_index":"Qal+prl","measurement_type":"level","measurement_unit":"cm","value_2019":496.0,"value_2020":495.5,"source":"BD IBR PURB 2022-2027 - Annex 1.3.1.1 Niva i debiti podzemni vodi","source_period":"2019-2020","level_2019_cm":496.0,"level_2020_cm":495.5,"discharge_2019_ls":null,"discharge_2020_ls":null,"spatial_qa":"confirmed","spatial_qa_bg":"Пространствено потвърден","distance_to_expected_gwb_m":0.0,"containing_gwb_codes":"BG3G000000Q013|BG3G00000NQ018","nearest_gwb_code":"BG3G000000Q013"}},{"type":"Feature","geometry":{"type":"Point","coordinates":[24.282833333333333,42.17863333333333]},"properties":{"source_row":13,"sequence":9,"station_no":"618T1","old_station_no":"1020а","eu_station_code":"BG3G000000QMP333","latitude_dms":"42 10 43.08","longitude_dms":"24 16 58.2","latitude":42.17863333333333,"longitude":24.282833333333333,"point_type":"Tръбен кладенец","ground_elevation_m":209.223,"depth_m":16.65,"location":"Мокрище","catchment":"Марица","gwb_code_original":"BG3G000000Q013","gwb_code":"BG3G000000Q013","geological_index":"Qal","measurement_type":"level","measurement_unit":"cm","value_2019":343.0,"value_2020":335.0,"source":"BD IBR PURB 2022-2027 - Annex 1.3.1.1 Niva i debiti podzemni vodi","source_period":"2019-2020","level_2019_cm":343.0,"level_2020_cm":335.0,"discharge_2019_ls":null,"discharge_2020_ls":null,"spatial_qa":"confirmed","spatial_qa_bg":"Пространствено потвърден","distance_to_expected_gwb_m":0.0,"containing_gwb_codes":"BG3G000000Q013|BG3G00000NQ018","nearest_gwb_code":"BG3G000000Q013"}},{"type":"Feature","geometry":{"type":"Point","coordinates":[24.29361111111111,42.12222222222222]},"properties":{"source_row":14,"sequence":10,"station_no":"620S1","old_station_no":"540а","eu_station_code":"BG3G000000QMP334","latitude_dms":"42 07 20","longitude_dms":"24 17 37","latitude":42.12222222222222,"longitude":24.29361111111111,"point_type":"Шахтов кладенец","ground_elevation_m":229.049,"depth_m":10.95,"location":"Радилово","catchment":"Марица-р.Джурковица ","gwb_code_original":"BG3G000000Q013","gwb_code":"BG3G000000Q013","geological_index":"Qal-pr","measurement_type":"level","measurement_unit":"cm","value_2019":352.0,"value_2020":353.0,"source":"BD IBR PURB 2022-2027 - Annex 1.3.1.1 Niva i debiti podzemni vodi","source_period":"2019-2020","level_2019_cm":352.0,"level_2020_cm":353.0,"discharge_2019_ls":null,"discharge_2020_ls":null,"spatial_qa":"confirmed","spatial_qa_bg":"Пространствено потвърден","distance_to_expected_gwb_m":0.0,"containing_gwb_codes":"BG3G000000Q013|BG3G00000NQ018|BG3G00000Pt041","nearest_gwb_code":"BG3G000000Q013"}},{"type":"Feature","geometry":{"type":"Point","coordinates":[24.310305555555555,42.15436111111111]},"properties":{"source_row":15,"sequence":11,"station_no":"622S1","old_station_no":"540","eu_station_code":"BG3G000000QMP041","latitude_dms":"42 09 15.7","longitude_dms":"24 18 37.1","latitude":42.15436111111111,"longitude":24.310305555555555,"point_type":"Шахтов кладенец","ground_elevation_m":208.22,"depth_m":5.8,"location":"Главиница","catchment":"Марица-р.Джурковица ","gwb_code_original":"BG3G000000Q013","gwb_code":"BG3G000000Q013","geological_index":"Qal","measurement_type":"level","measurement_unit":"cm","value_2019":418.0,"value_2020":426.0833333333333,"source":"BD IBR PURB 2022-2027 - Annex 1.3.1.1 Niva i debiti podzemni vodi","source_period":"2019-2020","level_2019_cm":418.0,"level_2020_cm":426.0833333333333,"discharge_2019_ls":null,"discharge_2020_ls":null,"spatial_qa":"confirmed","spatial_qa_bg":"Пространствено потвърден","distance_to_expected_gwb_m":0.0,"containing_gwb_codes":"BG3G000000Q013|BG3G00000NQ018","nearest_gwb_code":"BG3G000000Q013"}},{"type":"Feature","geometry":{"type":"Point","coordinates":[24.39527777777778,42.186638888888886]},"properties":{"source_row":16,"sequence":12,"station_no":"627T1","old_station_no":"611б","eu_station_code":"BG3G000000QMP112","latitude_dms":"42 11 11.9","longitude_dms":"24 23 43.0","latitude":42.186638888888886,"longitude":24.39527777777778,"point_type":"Tръбен кладенец","ground_elevation_m":202.841,"depth_m":16.95,"location":"Мало Конаре","catchment":"Луда Яна","gwb_code_original":"BG3G000000Q013","gwb_code":"BG3G000000Q013","geological_index":"Qal-pr","measurement_type":"level","measurement_unit":"cm","value_2019":361.0,"value_2020":366.0,"source":"BD IBR PURB 2022-2027 - Annex 1.3.1.1 Niva i debiti podzemni vodi","source_period":"2019-2020","level_2019_cm":361.0,"level_2020_cm":366.0,"discharge_2019_ls":null,"discharge_2020_ls":null,"spatial_qa":"confirmed","spatial_qa_bg":"Пространствено потвърден","distance_to_expected_gwb_m":0.0,"containing_gwb_codes":"BG3G000000Q013|BG3G00000NQ018","nearest_gwb_code":"BG3G000000Q013"}},{"type":"Feature","geometry":{"type":"Point","coordinates":[24.438055555555557,42.18277777777777]},"properties":{"source_row":17,"sequence":13,"station_no":"628T1","old_station_no":"613","eu_station_code":"BG3G000000QMP335","latitude_dms":"42 10 58","longitude_dms":"24 26 17","latitude":42.18277777777777,"longitude":24.438055555555557,"point_type":"Tръбен кладенец","ground_elevation_m":199.132,"depth_m":6.74,"location":"Мало Конаре","catchment":"Луда Яна","gwb_code_original":"BG3G000000Q013","gwb_code":"BG3G000000Q013","geological_index":"Qal-pr","measurement_type":"level","measurement_unit":"cm","value_2019":354.0,"value_2020":337.6666666666667,"source":"BD IBR PURB 2022-2027 - Annex 1.3.1.1 Niva i debiti podzemni vodi","source_period":"2019-2020","level_2019_cm":354.0,"level_2020_cm":337.6666666666667,"discharge_2019_ls":null,"discharge_2020_ls":null,"spatial_qa":"confirmed","spatial_qa_bg":"Пространствено потвърден","distance_to_expected_gwb_m":0.0,"containing_gwb_codes":"BG3G000000Q013|BG3G00000NQ018","nearest_gwb_code":"BG3G000000Q013"}},{"type":"Feature","geometry":{"type":"Point","coordinates":[24.4988,42.13381666666667]},"properties":{"source_row":18,"sequence":14,"station_no":"630I2","old_station_no":"65а","eu_station_code":"BG3G00000PtMP311","latitude_dms":"42 08 01.74","longitude_dms":"24 29 55.68","latitude":42.13381666666667,"longitude":24.4988,"point_type":"Извор с ключова крива","ground_elevation_m":182.506,"depth_m":0.0,"location":"Три водици","catchment":"Марица","gwb_code_original":"BG3G0000Pt041","gwb_code":"BG3G00000Pt041","geological_index":"Pt","measurement_type":"discharge","measurement_unit":"l/s","value_2019":756.0,"value_2020":816.0,"source":"BD IBR PURB 2022-2027 - Annex 1.3.1.1 Niva i debiti podzemni vodi","source_period":"2019-2020","level_2019_cm":null,"level_2020_cm":null,"discharge_2019_ls":756.0,"discharge_2020_ls":816.0,"spatial_qa":"review","spatial_qa_bg":"За пространствена проверка","distance_to_expected_gwb_m":1262.54,"containing_gwb_codes":"BG3G000000Q013|BG3G00000NQ018","nearest_gwb_code":"BG3G000000Q013"}},{"type":"Feature","geometry":{"type":"Point","coordinates":[24.460766666666665,42.13478333333333]},"properties":{"source_row":19,"sequence":15,"station_no":"631I2","old_station_no":"65г","eu_station_code":"BG3G00000PtMP312","latitude_dms":"42 08 05.22","longitude_dms":"24 27 38.76","latitude":42.13478333333333,"longitude":24.460766666666665,"point_type":"Извор с ключова крива","ground_elevation_m":182.507,"depth_m":0.0,"location":"Три водици","catchment":"Марица","gwb_code_original":"BG3G0000Pt041","gwb_code":"BG3G00000Pt041","geological_index":"Pt","measurement_type":"discharge","measurement_unit":"l/s","value_2019":null,"value_2020":null,"source":"BD IBR PURB 2022-2027 - Annex 1.3.1.1 Niva i debiti podzemni vodi","source_period":"2019-2020","level_2019_cm":null,"level_2020_cm":null,"discharge_2019_ls":null,"discharge_2020_ls":null,"spatial_qa":"boundary_near","spatial_qa_bg":"Близо до граница на ПВТ","distance_to_expected_gwb_m":161.14,"containing_gwb_codes":"BG3G000000Q013|BG3G00000NQ018","nearest_gwb_code":"BG3G000000Q013"}},{"type":"Feature","geometry":{"type":"Point","coordinates":[24.549361111111114,42.15122222222222]},"properties":{"source_row":20,"sequence":16,"station_no":"633T1","old_station_no":"634","eu_station_code":"BG3G000000QMP336","latitude_dms":"42 09 04.4","longitude_dms":"24 32 57.7","latitude":42.15122222222222,"longitude":24.549361111111114,"point_type":"Tръбен кладенец","ground_elevation_m":178.517,"depth_m":11.15,"location":"Стамболийски","catchment":"Марица","gwb_code_original":"BG3G000000Q013","gwb_code":"BG3G000000Q013","geological_index":"Qal","measurement_type":"level","measurement_unit":"cm","value_2019":666.0,"value_2020":664.0,"source":"BD IBR PURB 2022-2027 - Annex 1.3.1.1 Niva i debiti podzemni vodi","source_period":"2019-2020","level_2019_cm":666.0,"level_2020_cm":664.0,"discharge_2019_ls":null,"discharge_2020_ls":null,"spatial_qa":"confirmed","spatial_qa_bg":"Пространствено потвърден","distance_to_expected_gwb_m":0.0,"containing_gwb_codes":"BG3G000000Q013|BG3G00000NQ018","nearest_gwb_code":"BG3G000000Q013"}},{"type":"Feature","geometry":{"type":"Point","coordinates":[24.493444444444446,41.61566666666667]},"properties":{"source_row":21,"sequence":17,"station_no":"635I2","old_station_no":"336","eu_station_code":"BG3G00000PTMP100","latitude_dms":"41 36 56.4","longitude_dms":"24 29 36.4","latitude":41.61566666666667,"longitude":24.493444444444446,"point_type":"Извор с ключова крива","ground_elevation_m":1338.0,"depth_m":0.0,"location":"Мугла","catchment":"Въча-р.Мугленска ","gwb_code_original":"BG3G00000Pt051","gwb_code":"BG3G00000Pt051","geological_index":"Pt","measurement_type":"discharge","measurement_unit":"l/s","value_2019":162.0,"value_2020":370.0,"source":"BD IBR PURB 2022-2027 - Annex 1.3.1.1 Niva i debiti podzemni vodi","source_period":"2019-2020","level_2019_cm":null,"level_2020_cm":null,"discharge_2019_ls":162.0,"discharge_2020_ls":370.0,"spatial_qa":"confirmed","spatial_qa_bg":"Пространствено потвърден","distance_to_expected_gwb_m":0.0,"containing_gwb_codes":"BG3G00000Pt051","nearest_gwb_code":"BG3G00000Pt051"}},{"type":"Feature","geometry":{"type":"Point","coordinates":[24.46613888888889,41.70627777777778]},"properties":{"source_row":22,"sequence":18,"station_no":"637I2","old_station_no":"39а","eu_station_code":"BG3G0000APTMP099","latitude_dms":"41 42 22.6","longitude_dms":"24 27 58.1","latitude":41.70627777777778,"longitude":24.46613888888889,"point_type":"Извор с ключова крива","ground_elevation_m":785.827,"depth_m":0.0,"location":"Беден","catchment":"Въча-р.Широколъшка ","gwb_code_original":"BG3G00000Pt051","gwb_code":"BG3G00000Pt051","geological_index":"Pt","measurement_type":"discharge","measurement_unit":"l/s","value_2019":766.0,"value_2020":737.0,"source":"BD IBR PURB 2022-2027 - Annex 1.3.1.1 Niva i debiti podzemni vodi","source_period":"2019-2020","level_2019_cm":null,"level_2020_cm":null,"discharge_2019_ls":766.0,"discharge_2020_ls":737.0,"spatial_qa":"confirmed","spatial_qa_bg":"Пространствено потвърден","distance_to_expected_gwb_m":0.0,"containing_gwb_codes":"BG3G00000Pt051","nearest_gwb_code":"BG3G00000Pt051"}},{"type":"Feature","geometry":{"type":"Point","coordinates":[24.42141666666667,41.716]},"properties":{"source_row":23,"sequence":19,"station_no":"640I2","old_station_no":"67","eu_station_code":"BG3G00000PtMP310","latitude_dms":"41 42 57.6","longitude_dms":"24 25 17.1","latitude":41.716,"longitude":24.42141666666667,"point_type":"Извор с ключова крива","ground_elevation_m":710.0,"depth_m":0.0,"location":"Девин (кв.Настан)","catchment":"Въча","gwb_code_original":"BG3G00000Pt051","gwb_code":"BG3G00000Pt051","geological_index":"Pt","measurement_type":"discharge","measurement_unit":"l/s","value_2019":491.0,"value_2020":462.0,"source":"BD IBR PURB 2022-2027 - Annex 1.3.1.1 Niva i debiti podzemni vodi","source_period":"2019-2020","level_2019_cm":null,"level_2020_cm":null,"discharge_2019_ls":491.0,"discharge_2020_ls":462.0,"spatial_qa":"confirmed","spatial_qa_bg":"Пространствено потвърден","distance_to_expected_gwb_m":0.0,"containing_gwb_codes":"BG3G00000Pt051","nearest_gwb_code":"BG3G00000Pt051"}},{"type":"Feature","geometry":{"type":"Point","coordinates":[24.55825,42.11127777777778]},"properties":{"source_row":24,"sequence":20,"station_no":"643T1","old_station_no":"640","eu_station_code":"BG3G000000QMP337","latitude_dms":"42 06 40.6","longitude_dms":"24 33 29.7","latitude":42.11127777777778,"longitude":24.55825,"point_type":"Tръбен кладенец","ground_elevation_m":182.158,"depth_m":6.55,"location":"Йоаким Груево","catchment":"Въча","gwb_code_original":"BG3G000000Q013","gwb_code":"BG3G000000Q013","geological_index":"Qal","measurement_type":"level","measurement_unit":"cm","value_2019":518.0,"value_2020":null,"source":"BD IBR PURB 2022-2027 - Annex 1.3.1.1 Niva i debiti podzemni vodi","source_period":"2019-2020","level_2019_cm":518.0,"level_2020_cm":null,"discharge_2019_ls":null,"discharge_2020_ls":null,"spatial_qa":"confirmed","spatial_qa_bg":"Пространствено потвърден","distance_to_expected_gwb_m":0.0,"containing_gwb_codes":"BG3G000000Q013|BG3G00000NQ018","nearest_gwb_code":"BG3G000000Q013"}},{"type":"Feature","geometry":{"type":"Point","coordinates":[24.559055555555556,42.120305555555554]},"properties":{"source_row":25,"sequence":21,"station_no":"645T1","old_station_no":"639","eu_station_code":"BG3G000000QMP043","latitude_dms":"42 07 13.1","longitude_dms":"24 33 32.6","latitude":42.120305555555554,"longitude":24.559055555555556,"point_type":"Tръбен кладенец","ground_elevation_m":178.04,"depth_m":5.39,"location":"Йоаким Груево","catchment":"Въча","gwb_code_original":"BG3G000000Q013","gwb_code":"BG3G000000Q013","geological_index":"Qal","measurement_type":"level","measurement_unit":"cm","value_2019":326.0,"value_2020":null,"source":"BD IBR PURB 2022-2027 - Annex 1.3.1.1 Niva i debiti podzemni vodi","source_period":"2019-2020","level_2019_cm":326.0,"level_2020_cm":null,"discharge_2019_ls":null,"discharge_2020_ls":null,"spatial_qa":"confirmed","spatial_qa_bg":"Пространствено потвърден","distance_to_expected_gwb_m":0.0,"containing_gwb_codes":"BG3G000000Q013|BG3G00000NQ018","nearest_gwb_code":"BG3G000000Q013"}},{"type":"Feature","geometry":{"type":"Point","coordinates":[24.301111111111112,42.34166666666667]},"properties":{"source_row":26,"sequence":22,"station_no":"647S1","old_station_no":"536","eu_station_code":"BG3G00000N2MP070","latitude_dms":"42 20 30","longitude_dms":"24 18 04","latitude":42.34166666666667,"longitude":24.301111111111112,"point_type":"Шахтов кладенец","ground_elevation_m":341.705,"depth_m":11.05,"location":"Сбор","catchment":"Луда Яна-р.Къшладере","gwb_code_original":"BG3G00000NQ018","gwb_code":"BG3G00000NQ018","geological_index":"N2","measurement_type":"level","measurement_unit":"cm","value_2019":504.0,"value_2020":512.6666666666666,"source":"BD IBR PURB 2022-2027 - Annex 1.3.1.1 Niva i debiti podzemni vodi","source_period":"2019-2020","level_2019_cm":504.0,"level_2020_cm":512.6666666666666,"discharge_2019_ls":null,"discharge_2020_ls":null,"spatial_qa":"confirmed","spatial_qa_bg":"Пространствено потвърден","distance_to_expected_gwb_m":0.0,"containing_gwb_codes":"BG3G00000NQ018","nearest_gwb_code":"BG3G00000NQ018"}},{"type":"Feature","geometry":{"type":"Point","coordinates":[24.316111111111113,42.26694444444444]},"properties":{"source_row":27,"sequence":23,"station_no":"648S1","old_station_no":"537","eu_station_code":"BG3G000000QMP047","latitude_dms":"42 16 01","longitude_dms":"24 18 58","latitude":42.26694444444444,"longitude":24.316111111111113,"point_type":"Шахтов кладенец","ground_elevation_m":232.387,"depth_m":9.27,"location":"Гелеменово","catchment":"Луда Яна-р.Гелеменарк","gwb_code_original":"BG3G000000Q013","gwb_code":"BG3G000000Q013","geological_index":"Qal-pr","measurement_type":"level","measurement_unit":"cm","value_2019":529.0,"value_2020":580.1666666666666,"source":"BD IBR PURB 2022-2027 - Annex 1.3.1.1 Niva i debiti podzemni vodi","source_period":"2019-2020","level_2019_cm":529.0,"level_2020_cm":580.1666666666666,"discharge_2019_ls":null,"discharge_2020_ls":null,"spatial_qa":"confirmed","spatial_qa_bg":"Пространствено потвърден","distance_to_expected_gwb_m":0.0,"containing_gwb_codes":"BG3G000000Q013|BG3G00000NQ018","nearest_gwb_code":"BG3G000000Q013"}},{"type":"Feature","geometry":{"type":"Point","coordinates":[24.663193055555553,42.13315055555556]},"properties":{"source_row":28,"sequence":24,"station_no":"649Т1","old_station_no":"","eu_station_code":"BG3G00000NQMP303","latitude_dms":"42 07 59.342","longitude_dms":"24 39 47.495","latitude":42.13315055555556,"longitude":24.663193055555553,"point_type":"Tръбен кладенец","ground_elevation_m":166.968,"depth_m":136.0,"location":"Златитрап","catchment":"Марица","gwb_code_original":"BG3G00000NQ018","gwb_code":"BG3G00000NQ018","geological_index":"N2","measurement_type":"level","measurement_unit":"cm","value_2019":570.0,"value_2020":null,"source":"BD IBR PURB 2022-2027 - Annex 1.3.1.1 Niva i debiti podzemni vodi","source_period":"2019-2020","level_2019_cm":570.0,"level_2020_cm":null,"discharge_2019_ls":null,"discharge_2020_ls":null,"spatial_qa":"confirmed","spatial_qa_bg":"Пространствено потвърден","distance_to_expected_gwb_m":0.0,"containing_gwb_codes":"BG3G000000Q013|BG3G00000NQ018","nearest_gwb_code":"BG3G000000Q013"}},{"type":"Feature","geometry":{"type":"Point","coordinates":[24.66309861111111,42.13312222222222]},"properties":{"source_row":29,"sequence":25,"station_no":"650T1","old_station_no":"","eu_station_code":"BG3G000000QMP338","latitude_dms":"42 07 59.240","longitude_dms":"24 39  47.155","latitude":42.13312222222222,"longitude":24.66309861111111,"point_type":"Tръбен кладенец","ground_elevation_m":167.071,"depth_m":17.35,"location":"Златитрап","catchment":"Марица","gwb_code_original":"BG3G000000Q013","gwb_code":"BG3G000000Q013","geological_index":"Qal+prl","measurement_type":"level","measurement_unit":"cm","value_2019":546.0,"value_2020":null,"source":"BD IBR PURB 2022-2027 - Annex 1.3.1.1 Niva i debiti podzemni vodi","source_period":"2019-2020","level_2019_cm":546.0,"level_2020_cm":null,"discharge_2019_ls":null,"discharge_2020_ls":null,"spatial_qa":"confirmed","spatial_qa_bg":"Пространствено потвърден","distance_to_expected_gwb_m":0.0,"containing_gwb_codes":"BG3G000000Q013|BG3G00000NQ018","nearest_gwb_code":"BG3G000000Q013"}},{"type":"Feature","geometry":{"type":"Point","coordinates":[24.7508,42.13315]},"properties":{"source_row":30,"sequence":26,"station_no":"653T1","old_station_no":"1122а","eu_station_code":"BG3G00000NQMP304","latitude_dms":"42 7 59.34","longitude_dms":"24 45 2.88","latitude":42.13315,"longitude":24.7508,"point_type":"Tръбен кладенец","ground_elevation_m":159.059,"depth_m":306.0,"location":"Пловдив","catchment":"Марица","gwb_code_original":"BG3G00000NQ018","gwb_code":"BG3G00000NQ018","geological_index":"N2  ","measurement_type":"level","measurement_unit":"cm","value_2019":406.0,"value_2020":415.0,"source":"BD IBR PURB 2022-2027 - Annex 1.3.1.1 Niva i debiti podzemni vodi","source_period":"2019-2020","level_2019_cm":406.0,"level_2020_cm":415.0,"discharge_2019_ls":null,"discharge_2020_ls":null,"spatial_qa":"confirmed","spatial_qa_bg":"Пространствено потвърден","distance_to_expected_gwb_m":0.0,"containing_gwb_codes":"BG3G000000Q013|BG3G00000NQ018","nearest_gwb_code":"BG3G000000Q013"}},{"type":"Feature","geometry":{"type":"Point","coordinates":[24.703944444444442,42.142805555555555]},"properties":{"source_row":31,"sequence":27,"station_no":"655T1","old_station_no":"655","eu_station_code":"BG3G000000QMP339","latitude_dms":"42 08 34.1","longitude_dms":"24 42 14.2","latitude":42.142805555555555,"longitude":24.703944444444442,"point_type":"Tръбен кладенец","ground_elevation_m":161.294,"depth_m":8.3,"location":"Пловдив (гребната база)","catchment":"Марица","gwb_code_original":"BG3G000000Q013","gwb_code":"BG3G000000Q013","geological_index":"Qal","measurement_type":"level","measurement_unit":"cm","value_2019":446.0,"value_2020":449.0,"source":"BD IBR PURB 2022-2027 - Annex 1.3.1.1 Niva i debiti podzemni vodi","source_period":"2019-2020","level_2019_cm":446.0,"level_2020_cm":449.0,"discharge_2019_ls":null,"discharge_2020_ls":null,"spatial_qa":"confirmed","spatial_qa_bg":"Пространствено потвърден","distance_to_expected_gwb_m":0.0,"containing_gwb_codes":"BG3G000000Q013|BG3G00000NQ018","nearest_gwb_code":"BG3G000000Q013"}},{"type":"Feature","geometry":{"type":"Point","coordinates":[24.755277777777778,42.15138888888889]},"properties":{"source_row":32,"sequence":28,"station_no":"657T1","old_station_no":"203б","eu_station_code":"BG3G000000QMP340","latitude_dms":"42 09 05","longitude_dms":"24 45 19","latitude":42.15138888888889,"longitude":24.755277777777778,"point_type":"Tръбен кладенец","ground_elevation_m":160.866,"depth_m":20.0,"location":"Пловдив","catchment":"Марица","gwb_code_original":"BG3G000000Q013","gwb_code":"BG3G000000Q013","geological_index":"Qal","measurement_type":"level","measurement_unit":"cm","value_2019":700.0,"value_2020":704.0,"source":"BD IBR PURB 2022-2027 - Annex 1.3.1.1 Niva i debiti podzemni vodi","source_period":"2019-2020","level_2019_cm":700.0,"level_2020_cm":704.0,"discharge_2019_ls":null,"discharge_2020_ls":null,"spatial_qa":"confirmed","spatial_qa_bg":"Пространствено потвърден","distance_to_expected_gwb_m":0.0,"containing_gwb_codes":"BG3G000000Q013|BG3G00000NQ018","nearest_gwb_code":"BG3G000000Q013"}},{"type":"Feature","geometry":{"type":"Point","coordinates":[24.53388888888889,42.25972222222222]},"properties":{"source_row":33,"sequence":29,"station_no":"659T1","old_station_no":"627","eu_station_code":"BG3G000000QMP049","latitude_dms":"42 15 35","longitude_dms":"24 32 02","latitude":42.25972222222222,"longitude":24.53388888888889,"point_type":"Tръбен кладенец","ground_elevation_m":198.413,"depth_m":6.47,"location":"Съединение","catchment":"Потока","gwb_code_original":"BG3G000000Q013","gwb_code":"BG3G000000Q013","geological_index":"Qal-pr","measurement_type":"level","measurement_unit":"cm","value_2019":171.0,"value_2020":null,"source":"BD IBR PURB 2022-2027 - Annex 1.3.1.1 Niva i debiti podzemni vodi","source_period":"2019-2020","level_2019_cm":171.0,"level_2020_cm":null,"discharge_2019_ls":null,"discharge_2020_ls":null,"spatial_qa":"confirmed","spatial_qa_bg":"Пространствено потвърден","distance_to_expected_gwb_m":0.0,"containing_gwb_codes":"BG3G000000Q013|BG3G00000NQ018","nearest_gwb_code":"BG3G000000Q013"}},{"type":"Feature","geometry":{"type":"Point","coordinates":[24.697383333333335,42.095683333333334]},"properties":{"source_row":34,"sequence":30,"station_no":"664T1","old_station_no":"651","eu_station_code":"BG3G000000QMP341","latitude_dms":"42 05 44.46","longitude_dms":"24 41 50.58","latitude":42.095683333333334,"longitude":24.697383333333335,"point_type":"Tръбен кладенец","ground_elevation_m":178.13,"depth_m":6.81,"location":"Пловдив (кв.Коматево)","catchment":"Марица","gwb_code_original":"BG3G000000Q013","gwb_code":"BG3G000000Q013","geological_index":"Qal","measurement_type":"level","measurement_unit":"cm","value_2019":null,"value_2020":null,"source":"BD IBR PURB 2022-2027 - Annex 1.3.1.1 Niva i debiti podzemni vodi","source_period":"2019-2020","level_2019_cm":null,"level_2020_cm":null,"discharge_2019_ls":null,"discharge_2020_ls":null,"spatial_qa":"confirmed","spatial_qa_bg":"Пространствено потвърден","distance_to_expected_gwb_m":0.0,"containing_gwb_codes":"BG3G000000Q013|BG3G00000NQ018","nearest_gwb_code":"BG3G000000Q013"}},{"type":"Feature","geometry":{"type":"Point","coordinates":[24.765083333333333,42.35461111111111]},"properties":{"source_row":35,"sequence":31,"station_no":"666S1","old_station_no":"603а ","eu_station_code":"BG3G00000NQMP305","latitude_dms":"42 21 16.6","longitude_dms":"24 45 54.3","latitude":42.35461111111111,"longitude":24.765083333333333,"point_type":"Шахтов кладенец","ground_elevation_m":214.386,"depth_m":7.8,"location":"Калояново","catchment":"Стряма- р.Пикла","gwb_code_original":"BG3G00000NQ018","gwb_code":"BG3G00000NQ018","geological_index":"N2","measurement_type":"level","measurement_unit":"cm","value_2019":448.0,"value_2020":527.0,"source":"BD IBR PURB 2022-2027 - Annex 1.3.1.1 Niva i debiti podzemni vodi","source_period":"2019-2020","level_2019_cm":448.0,"level_2020_cm":527.0,"discharge_2019_ls":null,"discharge_2020_ls":null,"spatial_qa":"confirmed","spatial_qa_bg":"Пространствено потвърден","distance_to_expected_gwb_m":0.0,"containing_gwb_codes":"BG3G00000NQ018","nearest_gwb_code":"BG3G00000NQ018"}},{"type":"Feature","geometry":{"type":"Point","coordinates":[24.725277777777777,42.25483333333333]},"properties":{"source_row":36,"sequence":32,"station_no":"668T1","old_station_no":"643","eu_station_code":"BG3G000000QMP050","latitude_dms":"42 15 17.4","longitude_dms":"24 43 31.0","latitude":42.25483333333333,"longitude":24.725277777777777,"point_type":"Tръбен кладенец","ground_elevation_m":185.171,"depth_m":7.3,"location":"Граф Игнатиево","catchment":"Пясъчник","gwb_code_original":"BG3G000000Q013","gwb_code":"BG3G000000Q013","geological_index":"Qal-pr","measurement_type":"level","measurement_unit":"cm","value_2019":291.0,"value_2020":311.9166666666667,"source":"BD IBR PURB 2022-2027 - Annex 1.3.1.1 Niva i debiti podzemni vodi","source_period":"2019-2020","level_2019_cm":291.0,"level_2020_cm":311.9166666666667,"discharge_2019_ls":null,"discharge_2020_ls":null,"spatial_qa":"confirmed","spatial_qa_bg":"Пространствено потвърден","distance_to_expected_gwb_m":0.0,"containing_gwb_codes":"BG3G000000Q013|BG3G00000NQ018","nearest_gwb_code":"BG3G000000Q013"}},{"type":"Feature","geometry":{"type":"Point","coordinates":[24.734861111111112,42.28552777777777]},"properties":{"source_row":37,"sequence":33,"station_no":"670T1","old_station_no":"642","eu_station_code":"BG3G000000QMP342","latitude_dms":"42 17 07.9","longitude_dms":"24 44 05.5","latitude":42.28552777777777,"longitude":24.734861111111112,"point_type":"Tръбен кладенец","ground_elevation_m":191.097,"depth_m":5.98,"location":"Граф Игнатиево","catchment":"Пясъчник","gwb_code_original":"BG3G000000Q013","gwb_code":"BG3G000000Q013","geological_index":"Qal-pr","measurement_type":"level","measurement_unit":"cm","value_2019":419.0,"value_2020":431.1666666666667,"source":"BD IBR PURB 2022-2027 - Annex 1.3.1.1 Niva i debiti podzemni vodi","source_period":"2019-2020","level_2019_cm":419.0,"level_2020_cm":431.1666666666667,"discharge_2019_ls":null,"discharge_2020_ls":null,"spatial_qa":"confirmed","spatial_qa_bg":"Пространствено потвърден","distance_to_expected_gwb_m":0.0,"containing_gwb_codes":"BG3G000000Q013|BG3G00000NQ018","nearest_gwb_code":"BG3G000000Q013"}},{"type":"Feature","geometry":{"type":"Point","coordinates":[24.73203333333333,42.19596666666666]},"properties":{"source_row":38,"sequence":34,"station_no":"672T1","old_station_no":"645б","eu_station_code":"BG3G00000N2MP069","latitude_dms":"42 11 45.48","longitude_dms":"24 43 55.32","latitude":42.19596666666666,"longitude":24.73203333333333,"point_type":"Tръбен кладенец","ground_elevation_m":166.808,"depth_m":211.0,"location":"Труд","catchment":"Пясъчник","gwb_code_original":"BG3G00000NQ018","gwb_code":"BG3G00000NQ018","geological_index":"N2","measurement_type":"level","measurement_unit":"cm","value_2019":510.0,"value_2020":521.6666666666666,"source":"BD IBR PURB 2022-2027 - Annex 1.3.1.1 Niva i debiti podzemni vodi","source_period":"2019-2020","level_2019_cm":510.0,"level_2020_cm":521.6666666666666,"discharge_2019_ls":null,"discharge_2020_ls":null,"spatial_qa":"confirmed","spatial_qa_bg":"Пространствено потвърден","distance_to_expected_gwb_m":0.0,"containing_gwb_codes":"BG3G000000Q013|BG3G00000NQ018","nearest_gwb_code":"BG3G000000Q013"}},{"type":"Feature","geometry":{"type":"Point","coordinates":[24.73203333333333,42.19603333333333]},"properties":{"source_row":39,"sequence":35,"station_no":"674T1","old_station_no":"645a","eu_station_code":"BG3G000000QMP343","latitude_dms":"42 11 45.72","longitude_dms":"24 43 55.32","latitude":42.19603333333333,"longitude":24.73203333333333,"point_type":"Tръбен кладенец","ground_elevation_m":166.713,"depth_m":32.1,"location":"Труд","catchment":"Пясъчник","gwb_code_original":"BG3G000000Q013","gwb_code":"BG3G000000Q013","geological_index":"Qal","measurement_type":"level","measurement_unit":"cm","value_2019":188.0,"value_2020":191.75,"source":"BD IBR PURB 2022-2027 - Annex 1.3.1.1 Niva i debiti podzemni vodi","source_period":"2019-2020","level_2019_cm":188.0,"level_2020_cm":191.75,"discharge_2019_ls":null,"discharge_2020_ls":null,"spatial_qa":"confirmed","spatial_qa_bg":"Пространствено потвърден","distance_to_expected_gwb_m":0.0,"containing_gwb_codes":"BG3G000000Q013|BG3G00000NQ018","nearest_gwb_code":"BG3G000000Q013"}},{"type":"Feature","geometry":{"type":"Point","coordinates":[24.691666666666666,41.862500000000004]},"properties":{"source_row":40,"sequence":36,"station_no":"678A2","old_station_no":"1100","eu_station_code":"BG3G00000PTMP107","latitude_dms":"41 51 45","longitude_dms":"24 41 30","latitude":41.862500000000004,"longitude":24.691666666666666,"point_type":"Артезиански кладенец","ground_elevation_m":695.93,"depth_m":0.0,"location":"Хвойна","catchment":"Чепеларска- Ореховска река ","gwb_code_original":"BG3G00000Pt050","gwb_code":"BG3G00000Pt050","geological_index":"Pt+Pg3","measurement_type":"discharge","measurement_unit":"l/s","value_2019":0.048,"value_2020":0.05166666666666667,"source":"BD IBR PURB 2022-2027 - Annex 1.3.1.1 Niva i debiti podzemni vodi","source_period":"2019-2020","level_2019_cm":null,"level_2020_cm":null,"discharge_2019_ls":0.048,"discharge_2020_ls":0.05166666666666667,"spatial_qa":"confirmed","spatial_qa_bg":"Пространствено потвърден","distance_to_expected_gwb_m":0.0,"containing_gwb_codes":"BG3G00000Pt050","nearest_gwb_code":"BG3G00000Pt050"}},{"type":"Feature","geometry":{"type":"Point","coordinates":[24.850833333333334,41.93472222222222]},"properties":{"source_row":41,"sequence":37,"station_no":"680I2","old_station_no":"1098","eu_station_code":"BG3G00000PTMP0102","latitude_dms":"41 56 05","longitude_dms":"24 51 03","latitude":41.93472222222222,"longitude":24.850833333333334,"point_type":"Извор","ground_elevation_m":381.307,"depth_m":0.0,"location":"Бачково","catchment":"Чепеларска  ","gwb_code_original":"BG3G0000Pt041","gwb_code":"BG3G00000Pt041","geological_index":"Pt","measurement_type":"discharge","measurement_unit":"l/s","value_2019":33.2,"value_2020":39.666666666666664,"source":"BD IBR PURB 2022-2027 - Annex 1.3.1.1 Niva i debiti podzemni vodi","source_period":"2019-2020","level_2019_cm":null,"level_2020_cm":null,"discharge_2019_ls":33.2,"discharge_2020_ls":39.666666666666664,"spatial_qa":"review","spatial_qa_bg":"За пространствена проверка","distance_to_expected_gwb_m":818.44,"containing_gwb_codes":"BG3G00000Pt050","nearest_gwb_code":"BG3G00000Pt050"}},{"type":"Feature","geometry":{"type":"Point","coordinates":[24.91861111111111,41.98888888888889]},"properties":{"source_row":42,"sequence":38,"station_no":"682I2","old_station_no":"66","eu_station_code":"BG3G00000PtMP313","latitude_dms":"41 59 20","longitude_dms":"24 55  07","latitude":41.98888888888889,"longitude":24.91861111111111,"point_type":"Извор","ground_elevation_m":245.1,"depth_m":0.0,"location":"Мулдава","catchment":"Марица- р.Черкезица ","gwb_code_original":"BG3G0000Pt041","gwb_code":"BG3G00000Pt041","geological_index":"Pt","measurement_type":"discharge","measurement_unit":"l/s","value_2019":297.0,"value_2020":457.25,"source":"BD IBR PURB 2022-2027 - Annex 1.3.1.1 Niva i debiti podzemni vodi","source_period":"2019-2020","level_2019_cm":null,"level_2020_cm":null,"discharge_2019_ls":297.0,"discharge_2020_ls":457.25,"spatial_qa":"confirmed","spatial_qa_bg":"Пространствено потвърден","distance_to_expected_gwb_m":0.0,"containing_gwb_codes":"BG3G00000NQ018|BG3G00000Pt041","nearest_gwb_code":"BG3G00000NQ018"}},{"type":"Feature","geometry":{"type":"Point","coordinates":[24.874705277777778,42.00268527777778]},"properties":{"source_row":43,"sequence":39,"station_no":"684I2","old_station_no":"1102","eu_station_code":"BG3G00000PtMP314","latitude_dms":"42 00 09.667","longitude_dms":"24 52 28.939","latitude":42.00268527777778,"longitude":24.874705277777778,"point_type":"Извор","ground_elevation_m":236.43,"depth_m":0.0,"location":"Асеновград","catchment":"Чепеларска  ","gwb_code_original":"BG3G0000Pt041","gwb_code":"BG3G00000Pt041","geological_index":"Pt","measurement_type":"discharge","measurement_unit":"l/s","value_2019":1.09,"value_2020":null,"source":"BD IBR PURB 2022-2027 - Annex 1.3.1.1 Niva i debiti podzemni vodi","source_period":"2019-2020","level_2019_cm":null,"level_2020_cm":null,"discharge_2019_ls":1.09,"discharge_2020_ls":null,"spatial_qa":"confirmed","spatial_qa_bg":"Пространствено потвърден","distance_to_expected_gwb_m":0.0,"containing_gwb_codes":"BG3G000000Q013|BG3G00000NQ018|BG3G00000Pt041","nearest_gwb_code":"BG3G000000Q013"}},{"type":"Feature","geometry":{"type":"Point","coordinates":[24.89638888888889,42.01722222222222]},"properties":{"source_row":44,"sequence":40,"station_no":"686S1","old_station_no":"217а","eu_station_code":"BG3G000000QMP044","latitude_dms":"42 01 02","longitude_dms":"24 53 47","latitude":42.01722222222222,"longitude":24.89638888888889,"point_type":"Шахтов кладенец","ground_elevation_m":216.884,"depth_m":10.4,"location":"Асеновград","catchment":"Чепеларска  ","gwb_code_original":"BG3G000000Q013","gwb_code":"BG3G000000Q013","geological_index":"Qpr","measurement_type":"level","measurement_unit":"cm","value_2019":704.0,"value_2020":null,"source":"BD IBR PURB 2022-2027 - Annex 1.3.1.1 Niva i debiti podzemni vodi","source_period":"2019-2020","level_2019_cm":704.0,"level_2020_cm":null,"discharge_2019_ls":null,"discharge_2020_ls":null,"spatial_qa":"confirmed","spatial_qa_bg":"Пространствено потвърден","distance_to_expected_gwb_m":0.0,"containing_gwb_codes":"BG3G000000Q013|BG3G00000NQ018","nearest_gwb_code":"BG3G000000Q013"}},{"type":"Feature","geometry":{"type":"Point","coordinates":[24.78336666666667,42.032783333333334]},"properties":{"source_row":45,"sequence":41,"station_no":"688S1","old_station_no":"1012","eu_station_code":"BG3G000000QMP344","latitude_dms":"42 01 58.02","longitude_dms":"24 47 0.12","latitude":42.032783333333334,"longitude":24.78336666666667,"point_type":"Шахтов кладенец","ground_elevation_m":308.91,"depth_m":12.73,"location":"Куклен","catchment":"Чепеларска  ","gwb_code_original":"BG3G000000Q013","gwb_code":"BG3G000000Q013","geological_index":"Qpr","measurement_type":"level","measurement_unit":"cm","value_2019":1027.0,"value_2020":null,"source":"BD IBR PURB 2022-2027 - Annex 1.3.1.1 Niva i debiti podzemni vodi","source_period":"2019-2020","level_2019_cm":1027.0,"level_2020_cm":null,"discharge_2019_ls":null,"discharge_2020_ls":null,"spatial_qa":"confirmed","spatial_qa_bg":"Пространствено потвърден","distance_to_expected_gwb_m":0.0,"containing_gwb_codes":"BG3G000000Q013|BG3G00000NQ018|BG3G00000Pt050","nearest_gwb_code":"BG3G000000Q013"}},{"type":"Feature","geometry":{"type":"Point","coordinates":[24.796666666666667,42.028888888888886]},"properties":{"source_row":46,"sequence":42,"station_no":"690I2","old_station_no":"90","eu_station_code":"BG3G00000PtMP315","latitude_dms":"42 01 44","longitude_dms":"24 47 48","latitude":42.028888888888886,"longitude":24.796666666666667,"point_type":"Извор","ground_elevation_m":0.0,"depth_m":0.0,"location":"Куклен","catchment":"Чепеларска- р.Луковица ","gwb_code_original":"BG3G0000Pt041","gwb_code":"BG3G00000Pt041","geological_index":"Pt","measurement_type":"discharge","measurement_unit":"l/s","value_2019":null,"value_2020":null,"source":"BD IBR PURB 2022-2027 - Annex 1.3.1.1 Niva i debiti podzemni vodi","source_period":"2019-2020","level_2019_cm":null,"level_2020_cm":null,"discharge_2019_ls":null,"discharge_2020_ls":null,"spatial_qa":"review","spatial_qa_bg":"За пространствена проверка","distance_to_expected_gwb_m":1020.78,"containing_gwb_codes":"BG3G00000Pt050","nearest_gwb_code":"BG3G00000Pt050"}},{"type":"Feature","geometry":{"type":"Point","coordinates":[24.796666666666667,42.028888888888886]},"properties":{"source_row":47,"sequence":43,"station_no":"692I2","old_station_no":"90а","eu_station_code":"BG3G00000PtMP316","latitude_dms":"42 01 44","longitude_dms":"24 47 48","latitude":42.028888888888886,"longitude":24.796666666666667,"point_type":"Извор","ground_elevation_m":0.0,"depth_m":0.0,"location":"Куклен","catchment":"Чепеларска- р.Луковица ","gwb_code_original":"BG3G0000Pt041","gwb_code":"BG3G00000Pt041","geological_index":"Pt","measurement_type":"discharge","measurement_unit":"l/s","value_2019":null,"value_2020":null,"source":"BD IBR PURB 2022-2027 - Annex 1.3.1.1 Niva i debiti podzemni vodi","source_period":"2019-2020","level_2019_cm":null,"level_2020_cm":null,"discharge_2019_ls":null,"discharge_2020_ls":null,"spatial_qa":"review","spatial_qa_bg":"За пространствена проверка","distance_to_expected_gwb_m":1020.78,"containing_gwb_codes":"BG3G00000Pt050","nearest_gwb_code":"BG3G00000Pt050"}},{"type":"Feature","geometry":{"type":"Point","coordinates":[24.940833333333334,42.13388888888889]},"properties":{"source_row":48,"sequence":44,"station_no":"694S1","old_station_no":"212","eu_station_code":"BG3G000000QMP045","latitude_dms":"42 08 02","longitude_dms":"24 56 27","latitude":42.13388888888889,"longitude":24.940833333333334,"point_type":"Шахтов кладенец","ground_elevation_m":151.79,"depth_m":11.7,"location":"Садово","catchment":"Марица","gwb_code_original":"BG3G000000Q013","gwb_code":"BG3G000000Q013","geological_index":"Qal","measurement_type":"level","measurement_unit":"cm","value_2019":697.0,"value_2020":null,"source":"BD IBR PURB 2022-2027 - Annex 1.3.1.1 Niva i debiti podzemni vodi","source_period":"2019-2020","level_2019_cm":697.0,"level_2020_cm":null,"discharge_2019_ls":null,"discharge_2020_ls":null,"spatial_qa":"confirmed","spatial_qa_bg":"Пространствено потвърден","distance_to_expected_gwb_m":0.0,"containing_gwb_codes":"BG3G000000Q013|BG3G00000NQ018","nearest_gwb_code":"BG3G000000Q013"}},{"type":"Feature","geometry":{"type":"Point","coordinates":[24.93797222222222,42.13138888888889]},"properties":{"source_row":49,"sequence":45,"station_no":"695S1","old_station_no":"213","eu_station_code":"BG3G000000QMP345","latitude_dms":"42 07 53","longitude_dms":"24 56 16.7","latitude":42.13138888888889,"longitude":24.93797222222222,"point_type":"Шахтов кладенец","ground_elevation_m":152.265,"depth_m":6.5,"location":"Садово","catchment":"Марица","gwb_code_original":"BG3G000000Q013","gwb_code":"BG3G000000Q013","geological_index":"Qal","measurement_type":"level","measurement_unit":"cm","value_2019":596.0,"value_2020":null,"source":"BD IBR PURB 2022-2027 - Annex 1.3.1.1 Niva i debiti podzemni vodi","source_period":"2019-2020","level_2019_cm":596.0,"level_2020_cm":null,"discharge_2019_ls":null,"discharge_2020_ls":null,"spatial_qa":"confirmed","spatial_qa_bg":"Пространствено потвърден","distance_to_expected_gwb_m":0.0,"containing_gwb_codes":"BG3G000000Q013|BG3G00000NQ018","nearest_gwb_code":"BG3G000000Q013"}},{"type":"Feature","geometry":{"type":"Point","coordinates":[24.60862638888889,42.6796125]},"properties":{"source_row":50,"sequence":46,"station_no":"696Т1","old_station_no":"","eu_station_code":"BG3G00000NQMP346","latitude_dms":"42 40 46.605","longitude_dms":"24 36 31.055","latitude":42.6796125,"longitude":24.60862638888889,"point_type":"Tръбен кладенец","ground_elevation_m":436.134,"depth_m":28.95,"location":"Столетово","catchment":"Стряма","gwb_code_original":"BG3G00000NQ002","gwb_code":"BG3G00000NQ002","geological_index":"Qal","measurement_type":"level","measurement_unit":"cm","value_2019":87.0,"value_2020":85.33333333333333,"source":"BD IBR PURB 2022-2027 - Annex 1.3.1.1 Niva i debiti podzemni vodi","source_period":"2019-2020","level_2019_cm":87.0,"level_2020_cm":85.33333333333333,"discharge_2019_ls":null,"discharge_2020_ls":null,"spatial_qa":"confirmed","spatial_qa_bg":"Пространствено потвърден","distance_to_expected_gwb_m":0.0,"containing_gwb_codes":"BG3G00000Pt044|BG3G00000NQ002","nearest_gwb_code":"BG3G00000Pt044"}},{"type":"Feature","geometry":{"type":"Point","coordinates":[24.802019166666668,42.632619444444444]},"properties":{"source_row":51,"sequence":47,"station_no":"697S1","old_station_no":"260","eu_station_code":"BG3G00000NQMP347","latitude_dms":"42 37 57.43","longitude_dms":"24 48 07.269","latitude":42.632619444444444,"longitude":24.802019166666668,"point_type":"Шахтов кладенец","ground_elevation_m":400.12,"depth_m":7.72,"location":"Карлово","catchment":"Стряма- Стара река ","gwb_code_original":"BG3G00000NQ002","gwb_code":"BG3G00000NQ002","geological_index":"Qpr","measurement_type":"level","measurement_unit":"cm","value_2019":684.0,"value_2020":694.0,"source":"BD IBR PURB 2022-2027 - Annex 1.3.1.1 Niva i debiti podzemni vodi","source_period":"2019-2020","level_2019_cm":684.0,"level_2020_cm":694.0,"discharge_2019_ls":null,"discharge_2020_ls":null,"spatial_qa":"confirmed","spatial_qa_bg":"Пространствено потвърден","distance_to_expected_gwb_m":0.0,"containing_gwb_codes":"BG3G00000NQ002","nearest_gwb_code":"BG3G00000NQ002"}},{"type":"Feature","geometry":{"type":"Point","coordinates":[24.83675,42.54411111111111]},"properties":{"source_row":52,"sequence":48,"station_no":"698S1","old_station_no":"262","eu_station_code":"BG3G00000NQMP348","latitude_dms":"42 32 38.8","longitude_dms":"24 50 12.3","latitude":42.54411111111111,"longitude":24.83675,"point_type":"Шахтов кладенец","ground_elevation_m":287.383,"depth_m":5.32,"location":"Баня","catchment":"Стряма","gwb_code_original":"BG3G00000NQ002","gwb_code":"BG3G00000NQ002","geological_index":"Qpr","measurement_type":"level","measurement_unit":"cm","value_2019":482.0,"value_2020":503.6666666666667,"source":"BD IBR PURB 2022-2027 - Annex 1.3.1.1 Niva i debiti podzemni vodi","source_period":"2019-2020","level_2019_cm":482.0,"level_2020_cm":503.6666666666667,"discharge_2019_ls":null,"discharge_2020_ls":null,"spatial_qa":"confirmed","spatial_qa_bg":"Пространствено потвърден","distance_to_expected_gwb_m":0.0,"containing_gwb_codes":"BG3G00000NQ002","nearest_gwb_code":"BG3G00000NQ002"}},{"type":"Feature","geometry":{"type":"Point","coordinates":[24.587718888888887,42.69269944444444]},"properties":{"source_row":53,"sequence":49,"station_no":"699S1","old_station_no":"","eu_station_code":"BG3G00000NQMP349","latitude_dms":"42 41 33.718","longitude_dms":"24 35 15.788","latitude":42.69269944444444,"longitude":24.587718888888887,"point_type":"Шахтов кладенец","ground_elevation_m":464.304,"depth_m":5.2,"location":"Слатина","catchment":"Стряма","gwb_code_original":"BG3G00000NQ002","gwb_code":"BG3G00000NQ002","geological_index":"Qal","measurement_type":"level","measurement_unit":"cm","value_2019":167.0,"value_2020":170.08333333333334,"source":"BD IBR PURB 2022-2027 - Annex 1.3.1.1 Niva i debiti podzemni vodi","source_period":"2019-2020","level_2019_cm":167.0,"level_2020_cm":170.08333333333334,"discharge_2019_ls":null,"discharge_2020_ls":null,"spatial_qa":"confirmed","spatial_qa_bg":"Пространствено потвърден","distance_to_expected_gwb_m":0.0,"containing_gwb_codes":"BG3G00000Pt044|BG3G00000NQ002","nearest_gwb_code":"BG3G00000Pt044"}},{"type":"Feature","geometry":{"type":"Point","coordinates":[24.816059722222224,42.55490194444444]},"properties":{"source_row":54,"sequence":50,"station_no":"700Т1","old_station_no":"","eu_station_code":"BG3G00000NQMP350","latitude_dms":"42 33 17.647","longitude_dms":"24 48 57.815","latitude":42.55490194444444,"longitude":24.816059722222224,"point_type":"Tръбен кладенец","ground_elevation_m":288.039,"depth_m":25.65,"location":"Баня","catchment":"Стряма","gwb_code_original":"BG3G00000NQ002","gwb_code":"BG3G00000NQ002","geological_index":"Qal","measurement_type":"level","measurement_unit":"cm","value_2019":235.0,"value_2020":237.66666666666666,"source":"BD IBR PURB 2022-2027 - Annex 1.3.1.1 Niva i debiti podzemni vodi","source_period":"2019-2020","level_2019_cm":235.0,"level_2020_cm":237.66666666666666,"discharge_2019_ls":null,"discharge_2020_ls":null,"spatial_qa":"confirmed","spatial_qa_bg":"Пространствено потвърден","distance_to_expected_gwb_m":0.0,"containing_gwb_codes":"BG3G00000NQ002","nearest_gwb_code":"BG3G00000NQ002"}},{"type":"Feature","geometry":{"type":"Point","coordinates":[24.877583333333334,42.57219444444445]},"properties":{"source_row":55,"sequence":51,"station_no":"701S1","old_station_no":"264а","eu_station_code":"BG3G00000NQMP351","latitude_dms":"42 34 19.9","longitude_dms":"24 52 39.3","latitude":42.57219444444445,"longitude":24.877583333333334,"point_type":"Шахтов кладенец","ground_elevation_m":349.989,"depth_m":13.3,"location":"Ведраре","catchment":"Стряма- Бяла река ","gwb_code_original":"BG3G00000NQ002","gwb_code":"BG3G00000NQ002","geological_index":"Qpr","measurement_type":"level","measurement_unit":"cm","value_2019":1068.0,"value_2020":1140.0,"source":"BD IBR PURB 2022-2027 - Annex 1.3.1.1 Niva i debiti podzemni vodi","source_period":"2019-2020","level_2019_cm":1068.0,"level_2020_cm":1140.0,"discharge_2019_ls":null,"discharge_2020_ls":null,"spatial_qa":"confirmed","spatial_qa_bg":"Пространствено потвърден","distance_to_expected_gwb_m":0.0,"containing_gwb_codes":"BG3G00000NQ002","nearest_gwb_code":"BG3G00000NQ002"}},{"type":"Feature","geometry":{"type":"Point","coordinates":[24.84886111111111,42.57595833333334]},"properties":{"source_row":56,"sequence":52,"station_no":"703I1","old_station_no":"334","eu_station_code":"BG3G00000NQMP352","latitude_dms":"42 34 33.45","longitude_dms":"24 50 55.90","latitude":42.57595833333334,"longitude":24.84886111111111,"point_type":"Извор","ground_elevation_m":330.71,"depth_m":0.0,"location":"Ведраре","catchment":"Стряма- Бяла река ","gwb_code_original":"BG3G00000NQ002","gwb_code":"BG3G00000NQ002","geological_index":"Qpr","measurement_type":"discharge","measurement_unit":"l/s","value_2019":83.2,"value_2020":null,"source":"BD IBR PURB 2022-2027 - Annex 1.3.1.1 Niva i debiti podzemni vodi","source_period":"2019-2020","level_2019_cm":null,"level_2020_cm":null,"discharge_2019_ls":83.2,"discharge_2020_ls":null,"spatial_qa":"confirmed","spatial_qa_bg":"Пространствено потвърден","distance_to_expected_gwb_m":0.0,"containing_gwb_codes":"BG3G00000NQ002","nearest_gwb_code":"BG3G00000NQ002"}},{"type":"Feature","geometry":{"type":"Point","coordinates":[24.80752777777778,42.48430555555556]},"properties":{"source_row":57,"sequence":53,"station_no":"705S1","old_station_no":"607","eu_station_code":"BG3G00000NQMP353","latitude_dms":"42 29 03.5","longitude_dms":"24 48 27.1","latitude":42.48430555555556,"longitude":24.80752777777778,"point_type":"Шахтов кладенец","ground_elevation_m":280.379,"depth_m":13.77,"location":"Песнопой","catchment":"Стряма","gwb_code_original":"BG3G00000NQ002","gwb_code":"BG3G00000NQ002","geological_index":"Qal-pr","measurement_type":"level","measurement_unit":"cm","value_2019":538.0,"value_2020":602.75,"source":"BD IBR PURB 2022-2027 - Annex 1.3.1.1 Niva i debiti podzemni vodi","source_period":"2019-2020","level_2019_cm":538.0,"level_2020_cm":602.75,"discharge_2019_ls":null,"discharge_2020_ls":null,"spatial_qa":"confirmed","spatial_qa_bg":"Пространствено потвърден","distance_to_expected_gwb_m":0.0,"containing_gwb_codes":"BG3G00000NQ002","nearest_gwb_code":"BG3G00000NQ002"}},{"type":"Feature","geometry":{"type":"Point","coordinates":[24.718265277777775,42.506301666666666]},"properties":{"source_row":58,"sequence":54,"station_no":"707T3","old_station_no":"1042а","eu_station_code":"BG3G00000PtMP318","latitude_dms":"42 30 22.686","longitude_dms":"24 43 05.755","latitude":42.506301666666666,"longitude":24.718265277777775,"point_type":"Tръбен кладенец","ground_elevation_m":360.716,"depth_m":693.3,"location":"Хисаря","catchment":"Стряма- р.Текедере ","gwb_code_original":"BG3G0000Pt044","gwb_code":"BG3G00000Pt044","geological_index":"Pz","measurement_type":"level","measurement_unit":"cm","value_2019":365.0,"value_2020":376.0,"source":"BD IBR PURB 2022-2027 - Annex 1.3.1.1 Niva i debiti podzemni vodi","source_period":"2019-2020","level_2019_cm":365.0,"level_2020_cm":376.0,"discharge_2019_ls":null,"discharge_2020_ls":null,"spatial_qa":"review","spatial_qa_bg":"За пространствена проверка","distance_to_expected_gwb_m":923.85,"containing_gwb_codes":"BG3G000000Q013|BG3G00000NQ018","nearest_gwb_code":"BG3G000000Q013"}},{"type":"Feature","geometry":{"type":"Point","coordinates":[24.70375,42.50761111111111]},"properties":{"source_row":59,"sequence":55,"station_no":"708A3","old_station_no":"1042б","eu_station_code":"BG3G00000PtMP319","latitude_dms":"42 30 27.4","longitude_dms":"24 42 13.5","latitude":42.50761111111111,"longitude":24.70375,"point_type":"Артезиански кладенец","ground_elevation_m":367.898,"depth_m":0.0,"location":"Хисаря","catchment":"Стряма- р.Каварджиклийска","gwb_code_original":"BG3G0000Pt044","gwb_code":"BG3G00000Pt044","geological_index":"Pz","measurement_type":"discharge","measurement_unit":"l/s","value_2019":0.004,"value_2020":null,"source":"BD IBR PURB 2022-2027 - Annex 1.3.1.1 Niva i debiti podzemni vodi","source_period":"2019-2020","level_2019_cm":null,"level_2020_cm":null,"discharge_2019_ls":0.004,"discharge_2020_ls":null,"spatial_qa":"confirmed","spatial_qa_bg":"Пространствено потвърден","distance_to_expected_gwb_m":0.0,"containing_gwb_codes":"BG3G00000Pt044","nearest_gwb_code":"BG3G00000Pt044"}},{"type":"Feature","geometry":{"type":"Point","coordinates":[24.781444444444443,42.418861111111106]},"properties":{"source_row":60,"sequence":56,"station_no":"710S1","old_station_no":"605","eu_station_code":"BG3G000000QMP354","latitude_dms":"42 25 07.9","longitude_dms":"24 46 53.2","latitude":42.418861111111106,"longitude":24.781444444444443,"point_type":"Шахтов кладенец","ground_elevation_m":231.175,"depth_m":6.37,"location":"Долна махала","catchment":"Стряма- р.Каварджиклийска","gwb_code_original":"BG3G000000Q013","gwb_code":"BG3G000000Q013","geological_index":"N2+Qpr","measurement_type":"level","measurement_unit":"cm","value_2019":null,"value_2020":607.75,"source":"BD IBR PURB 2022-2027 - Annex 1.3.1.1 Niva i debiti podzemni vodi","source_period":"2019-2020","level_2019_cm":null,"level_2020_cm":607.75,"discharge_2019_ls":null,"discharge_2020_ls":null,"spatial_qa":"confirmed","spatial_qa_bg":"Пространствено потвърден","distance_to_expected_gwb_m":0.0,"containing_gwb_codes":"BG3G000000Q013|BG3G00000NQ018","nearest_gwb_code":"BG3G000000Q013"}},{"type":"Feature","geometry":{"type":"Point","coordinates":[24.815194444444444,42.21886111111111]},"properties":{"source_row":61,"sequence":57,"station_no":"712T2","old_station_no":"1035а","eu_station_code":"BG3G000000QMP324","latitude_dms":"42 13 07.9","longitude_dms":"24 48 54.7","latitude":42.21886111111111,"longitude":24.815194444444444,"point_type":"Tръбен кладенец","ground_elevation_m":165.59,"depth_m":595.8,"location":"Войводиново (Калековец)","catchment":"Марица","gwb_code_original":"BG3G000000Q013","gwb_code":"BG3G000000Q013","geological_index":"Pg2","measurement_type":"level","measurement_unit":"cm","value_2019":252.0,"value_2020":250.0,"source":"BD IBR PURB 2022-2027 - Annex 1.3.1.1 Niva i debiti podzemni vodi","source_period":"2019-2020","level_2019_cm":252.0,"level_2020_cm":250.0,"discharge_2019_ls":null,"discharge_2020_ls":null,"spatial_qa":"confirmed","spatial_qa_bg":"Пространствено потвърден","distance_to_expected_gwb_m":0.0,"containing_gwb_codes":"BG3G000000Q013|BG3G00000NQ018","nearest_gwb_code":"BG3G000000Q013"}},{"type":"Feature","geometry":{"type":"Point","coordinates":[24.868055555555557,42.250527777777776]},"properties":{"source_row":62,"sequence":58,"station_no":"715T1","old_station_no":"","eu_station_code":"BG3G000000QMP355","latitude_dms":"42 15 1.9","longitude_dms":"24 52 5.0","latitude":42.250527777777776,"longitude":24.868055555555557,"point_type":"Tръбен кладенец","ground_elevation_m":0.0,"depth_m":18.0,"location":"Стряма","catchment":"Стряма","gwb_code_original":"BG3G000000Q013","gwb_code":"BG3G000000Q013","geological_index":"Qal+prl","measurement_type":"level","measurement_unit":"cm","value_2019":291.0,"value_2020":null,"source":"BD IBR PURB 2022-2027 - Annex 1.3.1.1 Niva i debiti podzemni vodi","source_period":"2019-2020","level_2019_cm":291.0,"level_2020_cm":null,"discharge_2019_ls":null,"discharge_2020_ls":null,"spatial_qa":"confirmed","spatial_qa_bg":"Пространствено потвърден","distance_to_expected_gwb_m":0.0,"containing_gwb_codes":"BG3G000000Q013|BG3G00000NQ018","nearest_gwb_code":"BG3G000000Q013"}},{"type":"Feature","geometry":{"type":"Point","coordinates":[24.85702777777778,42.15869444444444]},"properties":{"source_row":63,"sequence":59,"station_no":"716T1","old_station_no":"1126а","eu_station_code":"BG3G000000QMP139","latitude_dms":"42 09 31.3","longitude_dms":"24 51 25.3","latitude":42.15869444444444,"longitude":24.85702777777778,"point_type":"Tръбен кладенец","ground_elevation_m":0.0,"depth_m":7.42,"location":"Скутаре","catchment":"Марица- р.Аврамица","gwb_code_original":"BG3G000000Q013","gwb_code":"BG3G000000Q013","geological_index":"Qal-pr","measurement_type":"level","measurement_unit":"cm","value_2019":601.0,"value_2020":null,"source":"BD IBR PURB 2022-2027 - Annex 1.3.1.1 Niva i debiti podzemni vodi","source_period":"2019-2020","level_2019_cm":601.0,"level_2020_cm":null,"discharge_2019_ls":null,"discharge_2020_ls":null,"spatial_qa":"confirmed","spatial_qa_bg":"Пространствено потвърден","distance_to_expected_gwb_m":0.0,"containing_gwb_codes":"BG3G000000Q013|BG3G00000NQ018","nearest_gwb_code":"BG3G000000Q013"}},{"type":"Feature","geometry":{"type":"Point","coordinates":[25.266733055555555,42.05855555555555]},"properties":{"source_row":64,"sequence":60,"station_no":"720S1","old_station_no":"663","eu_station_code":"BG3G00000N2MP071","latitude_dms":"42 03 30.8","longitude_dms":"25 16 0.239","latitude":42.05855555555555,"longitude":25.266733055555555,"point_type":"Шахтов кладенец","ground_elevation_m":141.875,"depth_m":5.4,"location":"Бяла река","catchment":"Марица- р.Бела ","gwb_code_original":"BG3G00000NQ018","gwb_code":"BG3G00000NQ018","geological_index":"N2+Qal","measurement_type":"level","measurement_unit":"cm","value_2019":351.0,"value_2020":355.75,"source":"BD IBR PURB 2022-2027 - Annex 1.3.1.1 Niva i debiti podzemni vodi","source_period":"2019-2020","level_2019_cm":351.0,"level_2020_cm":355.75,"discharge_2019_ls":null,"discharge_2020_ls":null,"spatial_qa":"confirmed","spatial_qa_bg":"Пространствено потвърден","distance_to_expected_gwb_m":0.0,"containing_gwb_codes":"BG3G00000NQ018","nearest_gwb_code":"BG3G00000NQ018"}},{"type":"Feature","geometry":{"type":"Point","coordinates":[25.27275,42.05892222222222]},"properties":{"source_row":65,"sequence":61,"station_no":"722A2","old_station_no":"400а","eu_station_code":"BG3G00000NQMP306","latitude_dms":"42 03 32.12","longitude_dms":"25 16 21.9 ","latitude":42.05892222222222,"longitude":25.27275,"point_type":"Артезиански кладенец","ground_elevation_m":137.987,"depth_m":0.0,"location":"Бяла река","catchment":"Марица- р.Бела ","gwb_code_original":"BG3G00000NQ018","gwb_code":"BG3G00000NQ018","geological_index":"N2","measurement_type":"discharge","measurement_unit":"l/s","value_2019":1.08,"value_2020":1.045,"source":"BD IBR PURB 2022-2027 - Annex 1.3.1.1 Niva i debiti podzemni vodi","source_period":"2019-2020","level_2019_cm":null,"level_2020_cm":null,"discharge_2019_ls":1.08,"discharge_2020_ls":1.045,"spatial_qa":"confirmed","spatial_qa_bg":"Пространствено потвърден","distance_to_expected_gwb_m":0.0,"containing_gwb_codes":"BG3G00000NQ018","nearest_gwb_code":"BG3G00000NQ018"}},{"type":"Feature","geometry":{"type":"Point","coordinates":[25.27273,42.05947]},"properties":{"source_row":66,"sequence":62,"station_no":"723A2","old_station_no":null,"eu_station_code":"Няма го в Приложение 2","latitude_dms":"42 03 34.092","longitude_dms":"25 16 21.828","latitude":42.05947,"longitude":25.27273,"point_type":null,"ground_elevation_m":null,"depth_m":null,"location":"Бяла река","catchment":"Марица- р.Бела ","gwb_code_original":"BG3G00000NQ018","gwb_code":"BG3G00000NQ018","geological_index":"N2","measurement_type":"unknown","measurement_unit":null,"value_2019":0.6,"value_2020":null,"source":"BD IBR PURB 2022-2027 - Annex 1.3.1.1 Niva i debiti podzemni vodi","source_period":"2019-2020","level_2019_cm":null,"level_2020_cm":null,"discharge_2019_ls":null,"discharge_2020_ls":null,"spatial_qa":"confirmed","spatial_qa_bg":"Пространствено потвърден","distance_to_expected_gwb_m":0.0,"containing_gwb_codes":"BG3G000000Q013|BG3G00000NQ018","nearest_gwb_code":"BG3G000000Q013"}},{"type":"Feature","geometry":{"type":"Point","coordinates":[25.239444444444445,42.086666666666666]},"properties":{"source_row":67,"sequence":63,"station_no":"724T1","old_station_no":"666","eu_station_code":"BG3G000000QMP356","latitude_dms":"42 05 12","longitude_dms":"25 14 22","latitude":42.086666666666666,"longitude":25.239444444444445,"point_type":"Tръбен кладенец","ground_elevation_m":131.262,"depth_m":4.54,"location":"Първомай","catchment":"Марица- р.Мечка ","gwb_code_original":"BG3G000000Q013","gwb_code":"BG3G000000Q013","geological_index":"Qal","measurement_type":"level","measurement_unit":"cm","value_2019":393.0,"value_2020":394.5,"source":"BD IBR PURB 2022-2027 - Annex 1.3.1.1 Niva i debiti podzemni vodi","source_period":"2019-2020","level_2019_cm":393.0,"level_2020_cm":394.5,"discharge_2019_ls":null,"discharge_2020_ls":null,"spatial_qa":"confirmed","spatial_qa_bg":"Пространствено потвърден","distance_to_expected_gwb_m":0.0,"containing_gwb_codes":"BG3G000000Q013|BG3G00000NQ018","nearest_gwb_code":"BG3G000000Q013"}},{"type":"Feature","geometry":{"type":"Point","coordinates":[25.208055555555553,42.143055555555556]},"properties":{"source_row":68,"sequence":64,"station_no":"726T1","old_station_no":"668","eu_station_code":"BG3G000000QMP357","latitude_dms":"42 08 35","longitude_dms":"25 12 29","latitude":42.143055555555556,"longitude":25.208055555555553,"point_type":"Tръбен кладенец","ground_elevation_m":138.234,"depth_m":10.21,"location":"Градина","catchment":"Марица- р.Омуровска ","gwb_code_original":"BG3G000000Q013","gwb_code":"BG3G000000Q013","geological_index":"Qal","measurement_type":"level","measurement_unit":"cm","value_2019":765.0,"value_2020":779.75,"source":"BD IBR PURB 2022-2027 - Annex 1.3.1.1 Niva i debiti podzemni vodi","source_period":"2019-2020","level_2019_cm":765.0,"level_2020_cm":779.75,"discharge_2019_ls":null,"discharge_2020_ls":null,"spatial_qa":"confirmed","spatial_qa_bg":"Пространствено потвърден","distance_to_expected_gwb_m":0.0,"containing_gwb_codes":"BG3G000000Q013|BG3G00000NQ018","nearest_gwb_code":"BG3G000000Q013"}},{"type":"Feature","geometry":{"type":"Point","coordinates":[25.21,42.17777777777778]},"properties":{"source_row":69,"sequence":65,"station_no":"728S1","old_station_no":"505","eu_station_code":"BG3G000000QMP083","latitude_dms":"42 10 40","longitude_dms":"25 12 36","latitude":42.17777777777778,"longitude":25.21,"point_type":"Шахтов кладенец","ground_elevation_m":142.423,"depth_m":7.02,"location":"Плодовитово","catchment":"Марица- р.Омуровска ","gwb_code_original":"BG3G000000Q013","gwb_code":"BG3G000000Q013","geological_index":"Qal","measurement_type":"level","measurement_unit":"cm","value_2019":493.0,"value_2020":510.9166666666667,"source":"BD IBR PURB 2022-2027 - Annex 1.3.1.1 Niva i debiti podzemni vodi","source_period":"2019-2020","level_2019_cm":493.0,"level_2020_cm":510.9166666666667,"discharge_2019_ls":null,"discharge_2020_ls":null,"spatial_qa":"confirmed","spatial_qa_bg":"Пространствено потвърден","distance_to_expected_gwb_m":0.0,"containing_gwb_codes":"BG3G000000Q013|BG3G00000NQ018|BG3G0000PgN026","nearest_gwb_code":"BG3G000000Q013"}},{"type":"Feature","geometry":{"type":"Point","coordinates":[24.943055555555556,42.27044444444444]},"properties":{"source_row":70,"sequence":66,"station_no":"730S1","old_station_no":"208а","eu_station_code":"BG3G000000QMP358","latitude_dms":"42 16 13.6","longitude_dms":"24 56 35.0","latitude":42.27044444444444,"longitude":24.943055555555556,"point_type":"Шахтов кладенец","ground_elevation_m":170.905,"depth_m":5.39,"location":"Раковски","catchment":"Марица-р.Карадере","gwb_code_original":"BG3G000000Q013","gwb_code":"BG3G000000Q013","geological_index":"Qal-pr","measurement_type":"level","measurement_unit":"cm","value_2019":417.0,"value_2020":null,"source":"BD IBR PURB 2022-2027 - Annex 1.3.1.1 Niva i debiti podzemni vodi","source_period":"2019-2020","level_2019_cm":417.0,"level_2020_cm":null,"discharge_2019_ls":null,"discharge_2020_ls":null,"spatial_qa":"confirmed","spatial_qa_bg":"Пространствено потвърден","distance_to_expected_gwb_m":0.0,"containing_gwb_codes":"BG3G000000Q013|BG3G00000NQ018","nearest_gwb_code":"BG3G000000Q013"}},{"type":"Feature","geometry":{"type":"Point","coordinates":[25.04315,42.18875]},"properties":{"source_row":71,"sequence":67,"station_no":"733S1","old_station_no":"","eu_station_code":"BG3G000000QMP359","latitude_dms":"42 11 19.5","longitude_dms":"25 02 35.34","latitude":42.18875,"longitude":25.04315,"point_type":"Шахтов кладенец","ground_elevation_m":139.015,"depth_m":6.8,"location":"Белозем","catchment":"Сазлийка- р.Азмак","gwb_code_original":"BG3G000000Q013","gwb_code":"BG3G000000Q013","geological_index":"Qal","measurement_type":"level","measurement_unit":"cm","value_2019":310.0,"value_2020":null,"source":"BD IBR PURB 2022-2027 - Annex 1.3.1.1 Niva i debiti podzemni vodi","source_period":"2019-2020","level_2019_cm":310.0,"level_2020_cm":null,"discharge_2019_ls":null,"discharge_2020_ls":null,"spatial_qa":"confirmed","spatial_qa_bg":"Пространствено потвърден","distance_to_expected_gwb_m":0.0,"containing_gwb_codes":"BG3G000000Q013|BG3G00000NQ018","nearest_gwb_code":"BG3G000000Q013"}},{"type":"Feature","geometry":{"type":"Point","coordinates":[25.640027777777778,42.19669444444444]},"properties":{"source_row":72,"sequence":68,"station_no":"735S1","old_station_no":526,"eu_station_code":"BG3G00000N2MP075","latitude_dms":"42 11 48.1","longitude_dms":"25 38 24.1","latitude":42.19669444444444,"longitude":25.640027777777778,"point_type":"Шахтов кладенец","ground_elevation_m":155.696,"depth_m":9.2,"location":"Тракия","catchment":"Сазлийка- р.Арпадере","gwb_code_original":"BG3G0000PgN019","gwb_code":"BG3G0000PgN019","geological_index":"N2+Qal","measurement_type":"level","measurement_unit":"cm","value_2019":781.0,"value_2020":803.5833333333334,"source":"BD IBR PURB 2022-2027 - Annex 1.3.1.1 Niva i debiti podzemni vodi","source_period":"2019-2020","level_2019_cm":781.0,"level_2020_cm":803.5833333333334,"discharge_2019_ls":null,"discharge_2020_ls":null,"spatial_qa":"confirmed","spatial_qa_bg":"Пространствено потвърден","distance_to_expected_gwb_m":0.0,"containing_gwb_codes":"BG3G000000Q013|BG3G0000PgN019","nearest_gwb_code":"BG3G000000Q013"}},{"type":"Feature","geometry":{"type":"Point","coordinates":[25.640138888888888,42.19183888888889]},"properties":{"source_row":73,"sequence":69,"station_no":"737A2","old_station_no":1085,"eu_station_code":"BG3G000000QMP325","latitude_dms":"42 11 30.62","longitude_dms":"25 38 24.5","latitude":42.19183888888889,"longitude":25.640138888888888,"point_type":"Артезиански кладенец","ground_elevation_m":0.0,"depth_m":0.0,"location":"Тракия","catchment":"Сазлийка- р.Арпадере","gwb_code_original":"BG3G000000Q013","gwb_code":"BG3G000000Q013","geological_index":"Pg3","measurement_type":"discharge","measurement_unit":"l/s","value_2019":0.23,"value_2020":0.2275,"source":"BD IBR PURB 2022-2027 - Annex 1.3.1.1 Niva i debiti podzemni vodi","source_period":"2019-2020","level_2019_cm":null,"level_2020_cm":null,"discharge_2019_ls":0.23,"discharge_2020_ls":0.2275,"spatial_qa":"confirmed","spatial_qa_bg":"Пространствено потвърден","distance_to_expected_gwb_m":0.0,"containing_gwb_codes":"BG3G000000Q013|BG3G0000PgN019","nearest_gwb_code":"BG3G000000Q013"}},{"type":"Feature","geometry":{"type":"Point","coordinates":[25.625416666666666,42.097055555555556]},"properties":{"source_row":74,"sequence":70,"station_no":"739S1","old_station_no":"524","eu_station_code":"BG3G0000PgNMP309","latitude_dms":"42 05 49.4","longitude_dms":"25 37 31.5","latitude":42.097055555555556,"longitude":25.625416666666666,"point_type":"Шахтов кладенец","ground_elevation_m":139.48,"depth_m":9.0,"location":"Радиево","catchment":"р.Мартинка","gwb_code_original":"BG3G0000PgN019","gwb_code":"BG3G0000PgN019","geological_index":"N2+Qal","measurement_type":"level","measurement_unit":"cm","value_2019":605.0,"value_2020":658.5833333333334,"source":"BD IBR PURB 2022-2027 - Annex 1.3.1.1 Niva i debiti podzemni vodi","source_period":"2019-2020","level_2019_cm":605.0,"level_2020_cm":658.5833333333334,"discharge_2019_ls":null,"discharge_2020_ls":null,"spatial_qa":"confirmed","spatial_qa_bg":"Пространствено потвърден","distance_to_expected_gwb_m":0.0,"containing_gwb_codes":"BG3G0000PgN019","nearest_gwb_code":"BG3G0000PgN019"}},{"type":"Feature","geometry":{"type":"Point","coordinates":[25.555033055555555,41.90004805555555]},"properties":{"source_row":75,"sequence":71,"station_no":"740T2","old_station_no":"","eu_station_code":"BG3G000PGNQMP321","latitude_dms":"41 54 0.173","longitude_dms":"25 33 18.119","latitude":41.90004805555555,"longitude":25.555033055555555,"point_type":"Tръбен кладенец","ground_elevation_m":209.646,"depth_m":61.45,"location":"Хасково","catchment":"Харманлийска река","gwb_code_original":"BG3G000PGNQ026","gwb_code":"BG3G0000PgN026","geological_index":"Pg-N","measurement_type":"level","measurement_unit":"cm","value_2019":234.0,"value_2020":240.75,"source":"BD IBR PURB 2022-2027 - Annex 1.3.1.1 Niva i debiti podzemni vodi","source_period":"2019-2020","level_2019_cm":234.0,"level_2020_cm":240.75,"discharge_2019_ls":null,"discharge_2020_ls":null,"spatial_qa":"confirmed","spatial_qa_bg":"Пространствено потвърден","distance_to_expected_gwb_m":0.0,"containing_gwb_codes":"BG3G00000NQ009|BG3G0000PgN026","nearest_gwb_code":"BG3G00000NQ009"}},{"type":"Feature","geometry":{"type":"Point","coordinates":[25.607972222222223,41.9295]},"properties":{"source_row":76,"sequence":72,"station_no":"741T1","old_station_no":"630а","eu_station_code":"BG3G00000NQMP360","latitude_dms":"41 55 46.2 ","longitude_dms":"25 36 28.7","latitude":41.9295,"longitude":25.607972222222223,"point_type":"Tръбен кладенец","ground_elevation_m":163.295,"depth_m":18.6,"location":"Хасково","catchment":"Хасковска река","gwb_code_original":"BG3G00000NQ009","gwb_code":"BG3G00000NQ009","geological_index":"N2","measurement_type":"level","measurement_unit":"cm","value_2019":989.0,"value_2020":967.5833333333334,"source":"BD IBR PURB 2022-2027 - Annex 1.3.1.1 Niva i debiti podzemni vodi","source_period":"2019-2020","level_2019_cm":989.0,"level_2020_cm":967.5833333333334,"discharge_2019_ls":null,"discharge_2020_ls":null,"spatial_qa":"confirmed","spatial_qa_bg":"Пространствено потвърден","distance_to_expected_gwb_m":0.0,"containing_gwb_codes":"BG3G00000NQ009","nearest_gwb_code":"BG3G00000NQ009"}},{"type":"Feature","geometry":{"type":"Point","coordinates":[25.607805555555558,41.92944444444444]},"properties":{"source_row":77,"sequence":73,"station_no":"743T1","old_station_no":"631а","eu_station_code":"BG3G0000N2QMP025","latitude_dms":"41 55 46.0","longitude_dms":"25 36 28.1","latitude":41.92944444444444,"longitude":25.607805555555558,"point_type":"Tръбен кладенец","ground_elevation_m":163.105,"depth_m":29.46,"location":"Хасково","catchment":"Хасковска река","gwb_code_original":"BG3G00000NQ009","gwb_code":"BG3G00000NQ009","geological_index":"N2","measurement_type":"level","measurement_unit":"cm","value_2019":1411.0,"value_2020":1427.25,"source":"BD IBR PURB 2022-2027 - Annex 1.3.1.1 Niva i debiti podzemni vodi","source_period":"2019-2020","level_2019_cm":1411.0,"level_2020_cm":1427.25,"discharge_2019_ls":null,"discharge_2020_ls":null,"spatial_qa":"confirmed","spatial_qa_bg":"Пространствено потвърден","distance_to_expected_gwb_m":0.0,"containing_gwb_codes":"BG3G00000NQ009","nearest_gwb_code":"BG3G00000NQ009"}},{"type":"Feature","geometry":{"type":"Point","coordinates":[25.98977777777778,42.46666666666667]},"properties":{"source_row":78,"sequence":74,"station_no":"745S1","old_station_no":"290а","eu_station_code":"BG3G000000QMP361","latitude_dms":"42 28 00.00","longitude_dms":"25 59 23.2","latitude":42.46666666666667,"longitude":25.98977777777778,"point_type":"Шахтов кладенец","ground_elevation_m":134.943,"depth_m":5.43,"location":"Стоил войвода","catchment":"Сазлийка- р.Блатница ","gwb_code_original":"BG3G000000Q012","gwb_code":"BG3G000000Q012","geological_index":"Qal-pr","measurement_type":"level","measurement_unit":"cm","value_2019":299.0,"value_2020":320.1666666666667,"source":"BD IBR PURB 2022-2027 - Annex 1.3.1.1 Niva i debiti podzemni vodi","source_period":"2019-2020","level_2019_cm":299.0,"level_2020_cm":320.1666666666667,"discharge_2019_ls":null,"discharge_2020_ls":null,"spatial_qa":"confirmed","spatial_qa_bg":"Пространствено потвърден","distance_to_expected_gwb_m":0.0,"containing_gwb_codes":"BG3G000000Q012|BG3G0000PgN019","nearest_gwb_code":"BG3G000000Q012"}},{"type":"Feature","geometry":{"type":"Point","coordinates":[25.96463888888889,42.35577777777778]},"properties":{"source_row":79,"sequence":75,"station_no":"749S1","old_station_no":"510","eu_station_code":"BG3G000000QMP363","latitude_dms":"42 21 20.8","longitude_dms":"25 57 52.7","latitude":42.35577777777778,"longitude":25.96463888888889,"point_type":"Шахтов кладенец","ground_elevation_m":118.701,"depth_m":5.65,"location":"Любенова махала","catchment":"Сазлийка- р.Азмак","gwb_code_original":"BG3G000000Q012","gwb_code":"BG3G000000Q012","geological_index":"Qal","measurement_type":"level","measurement_unit":"cm","value_2019":368.0,"value_2020":398.8333333333333,"source":"BD IBR PURB 2022-2027 - Annex 1.3.1.1 Niva i debiti podzemni vodi","source_period":"2019-2020","level_2019_cm":368.0,"level_2020_cm":398.8333333333333,"discharge_2019_ls":null,"discharge_2020_ls":null,"spatial_qa":"confirmed","spatial_qa_bg":"Пространствено потвърден","distance_to_expected_gwb_m":0.0,"containing_gwb_codes":"BG3G000000Q012|BG3G0000PgN019","nearest_gwb_code":"BG3G000000Q012"}},{"type":"Feature","geometry":{"type":"Point","coordinates":[25.89775,42.431444444444445]},"properties":{"source_row":80,"sequence":76,"station_no":"751S1","old_station_no":"287а","eu_station_code":"BG3G000000QMP364","latitude_dms":"42 25 53.2","longitude_dms":"25 53 51.9","latitude":42.431444444444445,"longitude":25.89775,"point_type":"Шахтов кладенец","ground_elevation_m":139.681,"depth_m":6.1,"location":"Събрано","catchment":"Сазлийка- р.Блатница ","gwb_code_original":"BG3G000000Q012","gwb_code":"BG3G000000Q012","geological_index":"Qal-pr","measurement_type":"level","measurement_unit":"cm","value_2019":286.0,"value_2020":368.5,"source":"BD IBR PURB 2022-2027 - Annex 1.3.1.1 Niva i debiti podzemni vodi","source_period":"2019-2020","level_2019_cm":286.0,"level_2020_cm":368.5,"discharge_2019_ls":null,"discharge_2020_ls":null,"spatial_qa":"confirmed","spatial_qa_bg":"Пространствено потвърден","distance_to_expected_gwb_m":0.0,"containing_gwb_codes":"BG3G000000Q012|BG3G0000PgN019","nearest_gwb_code":"BG3G000000Q012"}},{"type":"Feature","geometry":{"type":"Point","coordinates":[25.94525,42.432361111111106]},"properties":{"source_row":81,"sequence":77,"station_no":"753S1","old_station_no":"289а","eu_station_code":"BG3G000000QMP365","latitude_dms":"42 25 56.5","longitude_dms":"25 56 42.9","latitude":42.432361111111106,"longitude":25.94525,"point_type":"Шахтов кладенец","ground_elevation_m":133.769,"depth_m":6.78,"location":"Загорци","catchment":"Сазлийка- р.Блатница ","gwb_code_original":"BG3G000000Q012","gwb_code":"BG3G000000Q012","geological_index":"Qal-pr","measurement_type":"level","measurement_unit":"cm","value_2019":216.0,"value_2020":252.08333333333334,"source":"BD IBR PURB 2022-2027 - Annex 1.3.1.1 Niva i debiti podzemni vodi","source_period":"2019-2020","level_2019_cm":216.0,"level_2020_cm":252.08333333333334,"discharge_2019_ls":null,"discharge_2020_ls":null,"spatial_qa":"confirmed","spatial_qa_bg":"Пространствено потвърден","distance_to_expected_gwb_m":0.0,"containing_gwb_codes":"BG3G000000Q012|BG3G0000PgN019","nearest_gwb_code":"BG3G000000Q012"}},{"type":"Feature","geometry":{"type":"Point","coordinates":[25.934361111111112,42.269777777777776]},"properties":{"source_row":82,"sequence":78,"station_no":"755S1","old_station_no":"512","eu_station_code":"BG3G000000QMP366","latitude_dms":"42 16 11.2","longitude_dms":"25 56 03.7","latitude":42.269777777777776,"longitude":25.934361111111112,"point_type":"Шахтов кладенец","ground_elevation_m":109.27,"depth_m":5.2,"location":"Раднево","catchment":"Сазлийка- р.Блатница ","gwb_code_original":"BG3G000000Q012","gwb_code":"BG3G000000Q012","geological_index":"N2+Qal","measurement_type":"level","measurement_unit":"cm","value_2019":null,"value_2020":437.0,"source":"BD IBR PURB 2022-2027 - Annex 1.3.1.1 Niva i debiti podzemni vodi","source_period":"2019-2020","level_2019_cm":null,"level_2020_cm":437.0,"discharge_2019_ls":null,"discharge_2020_ls":null,"spatial_qa":"confirmed","spatial_qa_bg":"Пространствено потвърден","distance_to_expected_gwb_m":0.0,"containing_gwb_codes":"BG3G000000Q012|BG3G0000PgN019","nearest_gwb_code":"BG3G000000Q012"}},{"type":"Feature","geometry":{"type":"Point","coordinates":[25.66622222222222,42.284555555555556]},"properties":{"source_row":83,"sequence":79,"station_no":"759S1","old_station_no":"528","eu_station_code":"BG3G00000N2MP076","latitude_dms":"42 17 4.4","longitude_dms":"25 39 58.4","latitude":42.284555555555556,"longitude":25.66622222222222,"point_type":"Шахтов кладенец","ground_elevation_m":164.542,"depth_m":4.9,"location":"Ястребово","catchment":"Сазлийка- р.Азмак","gwb_code_original":"BG3G0000PgN019","gwb_code":"BG3G0000PgN019","geological_index":"N2+Qal","measurement_type":"level","measurement_unit":"cm","value_2019":230.0,"value_2020":251.75,"source":"BD IBR PURB 2022-2027 - Annex 1.3.1.1 Niva i debiti podzemni vodi","source_period":"2019-2020","level_2019_cm":230.0,"level_2020_cm":251.75,"discharge_2019_ls":null,"discharge_2020_ls":null,"spatial_qa":"confirmed","spatial_qa_bg":"Пространствено потвърден","distance_to_expected_gwb_m":0.0,"containing_gwb_codes":"BG3G0000PgN019","nearest_gwb_code":"BG3G0000PgN019"}},{"type":"Feature","geometry":{"type":"Point","coordinates":[25.645166666666665,42.39747222222222]},"properties":{"source_row":84,"sequence":80,"station_no":"761S1","old_station_no":"530","eu_station_code":"BG3G000000QMP367","latitude_dms":"42 23 50.9","longitude_dms":"25 38 42.6","latitude":42.39747222222222,"longitude":25.645166666666665,"point_type":"Шахтов кладенец","ground_elevation_m":168.49,"depth_m":6.73,"location":"Стара Загора - кв.Кольо Ганчево","catchment":"Сазлийка-р.Бедечка ","gwb_code_original":"BG3G000000Q012","gwb_code":"BG3G000000Q012","geological_index":"Qal-pr","measurement_type":"level","measurement_unit":"cm","value_2019":297.0,"value_2020":372.1666666666667,"source":"BD IBR PURB 2022-2027 - Annex 1.3.1.1 Niva i debiti podzemni vodi","source_period":"2019-2020","level_2019_cm":297.0,"level_2020_cm":372.1666666666667,"discharge_2019_ls":null,"discharge_2020_ls":null,"spatial_qa":"confirmed","spatial_qa_bg":"Пространствено потвърден","distance_to_expected_gwb_m":0.0,"containing_gwb_codes":"BG3G000000Q012|BG3G0000PgN019","nearest_gwb_code":"BG3G000000Q012"}},{"type":"Feature","geometry":{"type":"Point","coordinates":[25.883305555555555,42.14505555555556]},"properties":{"source_row":85,"sequence":81,"station_no":"763S1","old_station_no":"515","eu_station_code":"BG3G000000QMP368","latitude_dms":"42 08 42.2","longitude_dms":"25 52 59.9","latitude":42.14505555555556,"longitude":25.883305555555555,"point_type":"Шахтов кладенец","ground_elevation_m":99.478,"depth_m":6.08,"location":"Гълъбово","catchment":"Сазлийка","gwb_code_original":"BG3G000000Q012","gwb_code":"BG3G000000Q012","geological_index":"Qal","measurement_type":"level","measurement_unit":"cm","value_2019":512.0,"value_2020":539.25,"source":"BD IBR PURB 2022-2027 - Annex 1.3.1.1 Niva i debiti podzemni vodi","source_period":"2019-2020","level_2019_cm":512.0,"level_2020_cm":539.25,"discharge_2019_ls":null,"discharge_2020_ls":null,"spatial_qa":"confirmed","spatial_qa_bg":"Пространствено потвърден","distance_to_expected_gwb_m":0.0,"containing_gwb_codes":"BG3G000000Q012|BG3G0000PgN019","nearest_gwb_code":"BG3G000000Q012"}},{"type":"Feature","geometry":{"type":"Point","coordinates":[26.203055555555554,41.766774999999996]},"properties":{"source_row":86,"sequence":82,"station_no":"765S1","old_station_no":"531в","eu_station_code":"BG3G000000QMP369","latitude_dms":"41 46 0.39","longitude_dms":"26 12 11","latitude":41.766774999999996,"longitude":26.203055555555554,"point_type":"Шахтов кладенец","ground_elevation_m":55.13,"depth_m":5.91,"location":"Свиленград","catchment":"Марица","gwb_code_original":"BG3G000000N053","gwb_code":"BG3G000000N053","geological_index":"Qal","measurement_type":"level","measurement_unit":"cm","value_2019":459.0,"value_2020":null,"source":"BD IBR PURB 2022-2027 - Annex 1.3.1.1 Niva i debiti podzemni vodi","source_period":"2019-2020","level_2019_cm":459.0,"level_2020_cm":null,"discharge_2019_ls":null,"discharge_2020_ls":null,"spatial_qa":"confirmed","spatial_qa_bg":"Пространствено потвърден","distance_to_expected_gwb_m":0.0,"containing_gwb_codes":"BG3G000000N053|BG3G000000Q052","nearest_gwb_code":"BG3G000000N053"}},{"type":"Feature","geometry":{"type":"Point","coordinates":[25.169566666666668,41.85659166666667]},"properties":{"source_row":87,"sequence":83,"station_no":"767I3","old_station_no":"77","eu_station_code":"BG3G00000PGMP092","latitude_dms":"41 51 23.73","longitude_dms":"25 10 10.44","latitude":41.85659166666667,"longitude":25.169566666666668,"point_type":"Извор","ground_elevation_m":715.066,"depth_m":0.0,"location":"Паничково","catchment":"Арда- р.Яйлъдере ","gwb_code_original":"BG3G000PtPg049","gwb_code":"BG3G000PtPg049","geological_index":"Pg3","measurement_type":"discharge","measurement_unit":"l/s","value_2019":null,"value_2020":null,"source":"BD IBR PURB 2022-2027 - Annex 1.3.1.1 Niva i debiti podzemni vodi","source_period":"2019-2020","level_2019_cm":null,"level_2020_cm":null,"discharge_2019_ls":null,"discharge_2020_ls":null,"spatial_qa":"confirmed","spatial_qa_bg":"Пространствено потвърден","distance_to_expected_gwb_m":0.0,"containing_gwb_codes":"BG3G000PtPg049","nearest_gwb_code":"BG3G000PtPg049"}},{"type":"Feature","geometry":{"type":"Point","coordinates":[25.235833333333336,42.601194444444445]},"properties":{"source_row":88,"sequence":84,"station_no":"769S1","old_station_no":"351а","eu_station_code":"BG3G0000N2QMP015","latitude_dms":"42 36 04.30","longitude_dms":"25 14 09.00","latitude":42.601194444444445,"longitude":25.235833333333336,"point_type":"Шахтов кладенец","ground_elevation_m":397.493,"depth_m":4.15,"location":"Виден","catchment":"Тунджа","gwb_code_original":"BG3G00000NQ003","gwb_code":"BG3G00000NQ003","geological_index":"Qal","measurement_type":"level","measurement_unit":"cm","value_2019":255.0,"value_2020":272.0,"source":"BD IBR PURB 2022-2027 - Annex 1.3.1.1 Niva i debiti podzemni vodi","source_period":"2019-2020","level_2019_cm":255.0,"level_2020_cm":272.0,"discharge_2019_ls":null,"discharge_2020_ls":null,"spatial_qa":"confirmed","spatial_qa_bg":"Пространствено потвърден","distance_to_expected_gwb_m":0.0,"containing_gwb_codes":"BG3G00000NQ003","nearest_gwb_code":"BG3G00000NQ003"}},{"type":"Feature","geometry":{"type":"Point","coordinates":[25.236220833333334,42.60158833333333]},"properties":{"source_row":89,"sequence":85,"station_no":"770S1","old_station_no":"351в","eu_station_code":"BG3G00000NQMP370","latitude_dms":"42 36 5.718","longitude_dms":"25 14 10.395","latitude":42.60158833333333,"longitude":25.236220833333334,"point_type":"Шахтов кладенец","ground_elevation_m":395.788,"depth_m":4.24,"location":"Виден","catchment":"Тунджа","gwb_code_original":"BG3G00000NQ003","gwb_code":"BG3G00000NQ003","geological_index":"Qal","measurement_type":"level","measurement_unit":"cm","value_2019":201.0,"value_2020":188.0,"source":"BD IBR PURB 2022-2027 - Annex 1.3.1.1 Niva i debiti podzemni vodi","source_period":"2019-2020","level_2019_cm":201.0,"level_2020_cm":188.0,"discharge_2019_ls":null,"discharge_2020_ls":null,"spatial_qa":"confirmed","spatial_qa_bg":"Пространствено потвърден","distance_to_expected_gwb_m":0.0,"containing_gwb_codes":"BG3G00000NQ003","nearest_gwb_code":"BG3G00000NQ003"}},{"type":"Feature","geometry":{"type":"Point","coordinates":[25.388616666666667,42.61692222222222]},"properties":{"source_row":90,"sequence":86,"station_no":"775S1","old_station_no":"269","eu_station_code":"BG3G0000N2QMP018","latitude_dms":"42 37 00.92","longitude_dms":"25 23 19.02","latitude":42.61692222222222,"longitude":25.388616666666667,"point_type":"Шахтов кладенец","ground_elevation_m":367.634,"depth_m":7.54,"location":"Казанлък","catchment":"Тунджа- р.Стара река","gwb_code_original":"BG3G00000NQ003","gwb_code":"BG3G00000NQ003","geological_index":"Qpr","measurement_type":"level","measurement_unit":"cm","value_2019":644.0,"value_2020":641.0833333333334,"source":"BD IBR PURB 2022-2027 - Annex 1.3.1.1 Niva i debiti podzemni vodi","source_period":"2019-2020","level_2019_cm":644.0,"level_2020_cm":641.0833333333334,"discharge_2019_ls":null,"discharge_2020_ls":null,"spatial_qa":"confirmed","spatial_qa_bg":"Пространствено потвърден","distance_to_expected_gwb_m":0.0,"containing_gwb_codes":"BG3G00000NQ003","nearest_gwb_code":"BG3G00000NQ003"}},{"type":"Feature","geometry":{"type":"Point","coordinates":[25.373752777777778,42.67135277777778]},"properties":{"source_row":91,"sequence":87,"station_no":"777S1","old_station_no":"216а","eu_station_code":"BG3G0000N2QMP017","latitude_dms":"42 40 16.87","longitude_dms":"25 22 25.51","latitude":42.67135277777778,"longitude":25.373752777777778,"point_type":"Шахтов кладенец","ground_elevation_m":462.942,"depth_m":4.61,"location":"Крън","catchment":"Тунджа- р.Крънска ","gwb_code_original":"BG3G00000NQ003","gwb_code":"BG3G00000NQ003","geological_index":"Qpr","measurement_type":"level","measurement_unit":"cm","value_2019":309.0,"value_2020":366.75,"source":"BD IBR PURB 2022-2027 - Annex 1.3.1.1 Niva i debiti podzemni vodi","source_period":"2019-2020","level_2019_cm":309.0,"level_2020_cm":366.75,"discharge_2019_ls":null,"discharge_2020_ls":null,"spatial_qa":"confirmed","spatial_qa_bg":"Пространствено потвърден","distance_to_expected_gwb_m":0.0,"containing_gwb_codes":"BG3G00000NQ003","nearest_gwb_code":"BG3G00000NQ003"}},{"type":"Feature","geometry":{"type":"Point","coordinates":[25.636947222222222,42.55888333333333]},"properties":{"source_row":92,"sequence":88,"station_no":"779S1","old_station_no":"220а","eu_station_code":"BG3G0000N2QMP019","latitude_dms":"42 33 31.98","longitude_dms":"25 38 13.01","latitude":42.55888333333333,"longitude":25.636947222222222,"point_type":"Шахтов кладенец","ground_elevation_m":304.51,"depth_m":12.75,"location":"Шаново","catchment":"Тунджа","gwb_code_original":"BG3G00000NQ003","gwb_code":"BG3G00000NQ003","geological_index":"Qal-pr","measurement_type":"level","measurement_unit":"cm","value_2019":782.0,"value_2020":804.1666666666666,"source":"BD IBR PURB 2022-2027 - Annex 1.3.1.1 Niva i debiti podzemni vodi","source_period":"2019-2020","level_2019_cm":782.0,"level_2020_cm":804.1666666666666,"discharge_2019_ls":null,"discharge_2020_ls":null,"spatial_qa":"boundary_near","spatial_qa_bg":"Близо до граница на ПВТ","distance_to_expected_gwb_m":123.36,"containing_gwb_codes":"BG3G00000Pt044","nearest_gwb_code":"BG3G00000Pt044"}},{"type":"Feature","geometry":{"type":"Point","coordinates":[25.555169444444445,42.57310833333334]},"properties":{"source_row":93,"sequence":89,"station_no":"781S1","old_station_no":"271","eu_station_code":"BG3G00000NQMP371","latitude_dms":"42 34 23.19","longitude_dms":"25 33 18.61","latitude":42.57310833333334,"longitude":25.555169444444445,"point_type":"Шахтов кладенец","ground_elevation_m":319.435,"depth_m":5.3,"location":"Тулово","catchment":"Тунджа- р.Мъглишка ","gwb_code_original":"BG3G00000NQ003","gwb_code":"BG3G00000NQ003","geological_index":"Qal","measurement_type":"level","measurement_unit":"cm","value_2019":181.0,"value_2020":205.33333333333334,"source":"BD IBR PURB 2022-2027 - Annex 1.3.1.1 Niva i debiti podzemni vodi","source_period":"2019-2020","level_2019_cm":181.0,"level_2020_cm":205.33333333333334,"discharge_2019_ls":null,"discharge_2020_ls":null,"spatial_qa":"confirmed","spatial_qa_bg":"Пространствено потвърден","distance_to_expected_gwb_m":0.0,"containing_gwb_codes":"BG3G00000NQ003","nearest_gwb_code":"BG3G00000NQ003"}},{"type":"Feature","geometry":{"type":"Point","coordinates":[26.472194444444444,42.64402777777778]},"properties":{"source_row":94,"sequence":90,"station_no":"786T1","old_station_no":"827а","eu_station_code":"BG3G00000NQMP372","latitude_dms":"42 38 38.5","longitude_dms":"26 28 19.9","latitude":42.64402777777778,"longitude":26.472194444444444,"point_type":"Tръбен кладенец","ground_elevation_m":148.407,"depth_m":5.38,"location":"Желю войвода","catchment":"Тунджа- р.Сажевица ","gwb_code_original":"BG3G00000NQ015","gwb_code":"BG3G00000NQ015","geological_index":"Qal-pr","measurement_type":"level","measurement_unit":"cm","value_2019":157.0,"value_2020":146.0,"source":"BD IBR PURB 2022-2027 - Annex 1.3.1.1 Niva i debiti podzemni vodi","source_period":"2019-2020","level_2019_cm":157.0,"level_2020_cm":146.0,"discharge_2019_ls":null,"discharge_2020_ls":null,"spatial_qa":"confirmed","spatial_qa_bg":"Пространствено потвърден","distance_to_expected_gwb_m":0.0,"containing_gwb_codes":"BG3G00000NQ015","nearest_gwb_code":"BG3G00000NQ015"}},{"type":"Feature","geometry":{"type":"Point","coordinates":[26.47347222222222,42.64469444444445]},"properties":{"source_row":95,"sequence":91,"station_no":"790T1","old_station_no":"829","eu_station_code":"BG3G00000NQMP373","latitude_dms":"42 38 40.9","longitude_dms":"26 28 24.5","latitude":42.64469444444445,"longitude":26.47347222222222,"point_type":"Tръбен кладенец","ground_elevation_m":149.9,"depth_m":6.56,"location":"Желю войвода","catchment":"Тунджа- р.Сажевица ","gwb_code_original":"BG3G00000NQ015","gwb_code":"BG3G00000NQ015","geological_index":"Qal-pr","measurement_type":"level","measurement_unit":"cm","value_2019":138.0,"value_2020":144.46666666666667,"source":"BD IBR PURB 2022-2027 - Annex 1.3.1.1 Niva i debiti podzemni vodi","source_period":"2019-2020","level_2019_cm":138.0,"level_2020_cm":144.46666666666667,"discharge_2019_ls":null,"discharge_2020_ls":null,"spatial_qa":"confirmed","spatial_qa_bg":"Пространствено потвърден","distance_to_expected_gwb_m":0.0,"containing_gwb_codes":"BG3G00000NQ015","nearest_gwb_code":"BG3G00000NQ015"}},{"type":"Feature","geometry":{"type":"Point","coordinates":[26.473138888888887,42.64308333333333]},"properties":{"source_row":96,"sequence":92,"station_no":"792T1","old_station_no":"830","eu_station_code":"BG3G00000NQMP374","latitude_dms":"42 38 35.1","longitude_dms":"26 28 23.3","latitude":42.64308333333333,"longitude":26.473138888888887,"point_type":"Tръбен кладенец","ground_elevation_m":147.609,"depth_m":5.78,"location":"Калояново","catchment":"Тунджа- р.Сотирска река ","gwb_code_original":"BG3G00000NQ015","gwb_code":"BG3G00000NQ015","geological_index":"Qpr","measurement_type":"level","measurement_unit":"cm","value_2019":169.0,"value_2020":196.0,"source":"BD IBR PURB 2022-2027 - Annex 1.3.1.1 Niva i debiti podzemni vodi","source_period":"2019-2020","level_2019_cm":169.0,"level_2020_cm":196.0,"discharge_2019_ls":null,"discharge_2020_ls":null,"spatial_qa":"confirmed","spatial_qa_bg":"Пространствено потвърден","distance_to_expected_gwb_m":0.0,"containing_gwb_codes":"BG3G00000NQ015","nearest_gwb_code":"BG3G00000NQ015"}},{"type":"Feature","geometry":{"type":"Point","coordinates":[26.471,42.64322222222222]},"properties":{"source_row":97,"sequence":93,"station_no":"794T1","old_station_no":"831","eu_station_code":"BG3G00000NQMP053","latitude_dms":"42 38 35.6","longitude_dms":"26 28 15.6","latitude":42.64322222222222,"longitude":26.471,"point_type":"Tръбен кладенец","ground_elevation_m":147.397,"depth_m":6.82,"location":"Калояново","catchment":"Тунджа- р.Сотирска река ","gwb_code_original":"BG3G00000NQ015","gwb_code":"BG3G00000NQ015","geological_index":"Qpr","measurement_type":"level","measurement_unit":"cm","value_2019":228.0,"value_2020":208.0,"source":"BD IBR PURB 2022-2027 - Annex 1.3.1.1 Niva i debiti podzemni vodi","source_period":"2019-2020","level_2019_cm":228.0,"level_2020_cm":208.0,"discharge_2019_ls":null,"discharge_2020_ls":null,"spatial_qa":"confirmed","spatial_qa_bg":"Пространствено потвърден","distance_to_expected_gwb_m":0.0,"containing_gwb_codes":"BG3G00000NQ015","nearest_gwb_code":"BG3G00000NQ015"}},{"type":"Feature","geometry":{"type":"Point","coordinates":[26.51725,42.56727777777778]},"properties":{"source_row":98,"sequence":94,"station_no":"796T1","old_station_no":"878","eu_station_code":"BG3G00000NQMP054","latitude_dms":"42 34 2.2","longitude_dms":"26 31 2.1","latitude":42.56727777777778,"longitude":26.51725,"point_type":"Tръбен кладенец","ground_elevation_m":131.951,"depth_m":82.0,"location":"Завой","catchment":"Тунджа","gwb_code_original":"BG3G00000NQ015","gwb_code":"BG3G00000NQ015","geological_index":"N2","measurement_type":"level","measurement_unit":"cm","value_2019":201.0,"value_2020":216.91666666666666,"source":"BD IBR PURB 2022-2027 - Annex 1.3.1.1 Niva i debiti podzemni vodi","source_period":"2019-2020","level_2019_cm":201.0,"level_2020_cm":216.91666666666666,"discharge_2019_ls":null,"discharge_2020_ls":null,"spatial_qa":"confirmed","spatial_qa_bg":"Пространствено потвърден","distance_to_expected_gwb_m":0.0,"containing_gwb_codes":"BG3G00000NQ015","nearest_gwb_code":"BG3G00000NQ015"}},{"type":"Feature","geometry":{"type":"Point","coordinates":[26.771349999999998,42.75765]},"properties":{"source_row":99,"sequence":95,"station_no":"799S1","old_station_no":"","eu_station_code":"BG3G00000NQMP375","latitude_dms":"42 45 27.54","longitude_dms":"26 46 16.86","latitude":42.75765,"longitude":26.771349999999998,"point_type":"Шахтов кладенец","ground_elevation_m":0.0,"depth_m":8.5,"location":"Сунгурларе","catchment":"Тунджа- р.Мочурица ","gwb_code_original":"BG3G00000NQ005","gwb_code":"BG3G00000NQ005","geological_index":"N2+Qal","measurement_type":"level","measurement_unit":"cm","value_2019":292.0,"value_2020":379.0833333333333,"source":"BD IBR PURB 2022-2027 - Annex 1.3.1.1 Niva i debiti podzemni vodi","source_period":"2019-2020","level_2019_cm":292.0,"level_2020_cm":379.0833333333333,"discharge_2019_ls":null,"discharge_2020_ls":null,"spatial_qa":"confirmed","spatial_qa_bg":"Пространствено потвърден","distance_to_expected_gwb_m":0.0,"containing_gwb_codes":"BG3G00000NQ005","nearest_gwb_code":"BG3G00000NQ005"}},{"type":"Feature","geometry":{"type":"Point","coordinates":[26.93658,42.708040000000004]},"properties":{"source_row":100,"sequence":96,"station_no":"801S1","old_station_no":"856а","eu_station_code":"BG3G00000NQMP376","latitude_dms":"42 42 28.944","longitude_dms":"26 56 11.688","latitude":42.708040000000004,"longitude":26.93658,"point_type":"Шахтов кладенец","ground_elevation_m":0.0,"depth_m":3.1,"location":"Невестино","catchment":"Мочурица- р.Азмака ","gwb_code_original":"BG3G00000NQ005","gwb_code":"BG3G00000NQ005","geological_index":"Qal-pr","measurement_type":"level","measurement_unit":"cm","value_2019":119.0,"value_2020":170.08333333333334,"source":"BD IBR PURB 2022-2027 - Annex 1.3.1.1 Niva i debiti podzemni vodi","source_period":"2019-2020","level_2019_cm":119.0,"level_2020_cm":170.08333333333334,"discharge_2019_ls":null,"discharge_2020_ls":null,"spatial_qa":"confirmed","spatial_qa_bg":"Пространствено потвърден","distance_to_expected_gwb_m":0.0,"containing_gwb_codes":"BG3G00000NQ005","nearest_gwb_code":"BG3G00000NQ005"}},{"type":"Feature","geometry":{"type":"Point","coordinates":[26.709611111111112,42.63644444444444]},"properties":{"source_row":101,"sequence":97,"station_no":"804S1","old_station_no":"556","eu_station_code":"BG3G00000NQMP377","latitude_dms":"42 38 11.2","longitude_dms":"26 42 34.6","latitude":42.63644444444444,"longitude":26.709611111111112,"point_type":"Шахтов кладенец","ground_elevation_m":151.257,"depth_m":10.0,"location":"Лозенец","catchment":"Тунджа-  р.Мараш ","gwb_code_original":"BG3G00000NQ015","gwb_code":"BG3G00000NQ015","geological_index":"Qpr","measurement_type":"level","measurement_unit":"cm","value_2019":447.0,"value_2020":560.1666666666666,"source":"BD IBR PURB 2022-2027 - Annex 1.3.1.1 Niva i debiti podzemni vodi","source_period":"2019-2020","level_2019_cm":447.0,"level_2020_cm":560.1666666666666,"discharge_2019_ls":null,"discharge_2020_ls":null,"spatial_qa":"confirmed","spatial_qa_bg":"Пространствено потвърден","distance_to_expected_gwb_m":0.0,"containing_gwb_codes":"BG3G00000NQ015","nearest_gwb_code":"BG3G00000NQ015"}},{"type":"Feature","geometry":{"type":"Point","coordinates":[26.70947222222222,42.632444444444445]},"properties":{"source_row":102,"sequence":98,"station_no":"806S1","old_station_no":"556б","eu_station_code":"BG3G00000NQMP378","latitude_dms":"42 37 56.8","longitude_dms":"26 42 34.1","latitude":42.632444444444445,"longitude":26.70947222222222,"point_type":"Шахтов кладенец","ground_elevation_m":147.453,"depth_m":5.3,"location":"Лозенец","catchment":"Тунджа-  р.Мараш ","gwb_code_original":"BG3G00000NQ015","gwb_code":"BG3G00000NQ015","geological_index":"Qpr","measurement_type":"level","measurement_unit":"cm","value_2019":129.0,"value_2020":224.08333333333334,"source":"BD IBR PURB 2022-2027 - Annex 1.3.1.1 Niva i debiti podzemni vodi","source_period":"2019-2020","level_2019_cm":129.0,"level_2020_cm":224.08333333333334,"discharge_2019_ls":null,"discharge_2020_ls":null,"spatial_qa":"confirmed","spatial_qa_bg":"Пространствено потвърден","distance_to_expected_gwb_m":0.0,"containing_gwb_codes":"BG3G00000NQ015","nearest_gwb_code":"BG3G00000NQ015"}},{"type":"Feature","geometry":{"type":"Point","coordinates":[26.68775,42.54538888888889]},"properties":{"source_row":103,"sequence":99,"station_no":"810S1","old_station_no":"557","eu_station_code":"BG3G00000NQMP301","latitude_dms":"42 32 43.4","longitude_dms":"26 41 15.9","latitude":42.54538888888889,"longitude":26.68775,"point_type":"Шахтов кладенец","ground_elevation_m":140.16,"depth_m":7.76,"location":"Воденичане","catchment":"Тунджа- р.Мочурица ","gwb_code_original":"BG3G00000NQ015","gwb_code":"BG3G00000NQ015","geological_index":"Qal ","measurement_type":"level","measurement_unit":"cm","value_2019":490.0,"value_2020":544.3333333333334,"source":"BD IBR PURB 2022-2027 - Annex 1.3.1.1 Niva i debiti podzemni vodi","source_period":"2019-2020","level_2019_cm":490.0,"level_2020_cm":544.3333333333334,"discharge_2019_ls":null,"discharge_2020_ls":null,"spatial_qa":"confirmed","spatial_qa_bg":"Пространствено потвърден","distance_to_expected_gwb_m":0.0,"containing_gwb_codes":"BG3G00000NQ015","nearest_gwb_code":"BG3G00000NQ015"}},{"type":"Feature","geometry":{"type":"Point","coordinates":[26.694805555555554,42.543388888888884]},"properties":{"source_row":104,"sequence":100,"station_no":"811Т1","old_station_no":"557г","eu_station_code":"BG3G00000NQMP302","latitude_dms":"42 32 36.2","longitude_dms":"26 41 41.3","latitude":42.543388888888884,"longitude":26.694805555555554,"point_type":"Tръбен кладенец","ground_elevation_m":139.388,"depth_m":11.7,"location":"Воденичане","catchment":"Тунджа- р.Мочурица ","gwb_code_original":"BG3G00000NQ015","gwb_code":"BG3G00000NQ015","geological_index":"Qal","measurement_type":"level","measurement_unit":"cm","value_2019":407.0,"value_2020":443.9166666666667,"source":"BD IBR PURB 2022-2027 - Annex 1.3.1.1 Niva i debiti podzemni vodi","source_period":"2019-2020","level_2019_cm":407.0,"level_2020_cm":443.9166666666667,"discharge_2019_ls":null,"discharge_2020_ls":null,"spatial_qa":"confirmed","spatial_qa_bg":"Пространствено потвърден","distance_to_expected_gwb_m":0.0,"containing_gwb_codes":"BG3G00000NQ015","nearest_gwb_code":"BG3G00000NQ015"}},{"type":"Feature","geometry":{"type":"Point","coordinates":[26.51329,42.39259]},"properties":{"source_row":105,"sequence":101,"station_no":"815S1","old_station_no":"842а","eu_station_code":"BG3G000000QMP380","latitude_dms":"42 23 33.324","longitude_dms":"26 30 47.844","latitude":42.39259,"longitude":26.51329,"point_type":"Шахтов кладенец","ground_elevation_m":119.005,"depth_m":5.23,"location":"Ханово","catchment":"Тунджа","gwb_code_original":"BG3G00000NQ054","gwb_code":"BG3G00000NQ054","geological_index":"Qal","measurement_type":"level","measurement_unit":"cm","value_2019":234.0,"value_2020":254.58333333333334,"source":"BD IBR PURB 2022-2027 - Annex 1.3.1.1 Niva i debiti podzemni vodi","source_period":"2019-2020","level_2019_cm":234.0,"level_2020_cm":254.58333333333334,"discharge_2019_ls":null,"discharge_2020_ls":null,"spatial_qa":"confirmed","spatial_qa_bg":"Пространствено потвърден","distance_to_expected_gwb_m":0.0,"containing_gwb_codes":"BG3G00000NQ054","nearest_gwb_code":"BG3G00000NQ054"}},{"type":"Feature","geometry":{"type":"Point","coordinates":[26.51825,42.391666666666666]},"properties":{"source_row":106,"sequence":102,"station_no":"816T1","old_station_no":"843","eu_station_code":"BG3G000000QMP381","latitude_dms":"42 23 30.0","longitude_dms":"26 31 5.7","latitude":42.391666666666666,"longitude":26.51825,"point_type":"Tръбен кладенец","ground_elevation_m":116.703,"depth_m":9.48,"location":"Ханово","catchment":"Тунджа","gwb_code_original":"BG3G00000NQ054","gwb_code":"BG3G00000NQ054","geological_index":"Qal","measurement_type":"level","measurement_unit":"cm","value_2019":95.0,"value_2020":108.16666666666667,"source":"BD IBR PURB 2022-2027 - Annex 1.3.1.1 Niva i debiti podzemni vodi","source_period":"2019-2020","level_2019_cm":95.0,"level_2020_cm":108.16666666666667,"discharge_2019_ls":null,"discharge_2020_ls":null,"spatial_qa":"confirmed","spatial_qa_bg":"Пространствено потвърден","distance_to_expected_gwb_m":0.0,"containing_gwb_codes":"BG3G00000NQ054","nearest_gwb_code":"BG3G00000NQ054"}},{"type":"Feature","geometry":{"type":"Point","coordinates":[26.329025555555557,42.081073333333336]},"properties":{"source_row":107,"sequence":103,"station_no":"817I2","old_station_no":"","eu_station_code":"BG3G0000T12MP320","latitude_dms":"42 04 51.864","longitude_dms":"26 19 44.492","latitude":42.081073333333336,"longitude":26.329025555555557,"point_type":"Извор","ground_elevation_m":346.6,"depth_m":0.0,"location":"Тополовград","catchment":"р.Синаповска- р.Илиман ","gwb_code_original":"BG3G0000T12034","gwb_code":"BG3G0000T12034","geological_index":"Т1+T2","measurement_type":"discharge","measurement_unit":"l/s","value_2019":2.58,"value_2020":2.740833333333333,"source":"BD IBR PURB 2022-2027 - Annex 1.3.1.1 Niva i debiti podzemni vodi","source_period":"2019-2020","level_2019_cm":null,"level_2020_cm":null,"discharge_2019_ls":2.58,"discharge_2020_ls":2.740833333333333,"spatial_qa":"confirmed","spatial_qa_bg":"Пространствено потвърден","distance_to_expected_gwb_m":0.0,"containing_gwb_codes":"BG3G0000T12034","nearest_gwb_code":"BG3G0000T12034"}},{"type":"Feature","geometry":{"type":"Point","coordinates":[26.509888888888888,42.39994444444444]},"properties":{"source_row":108,"sequence":104,"station_no":"818S1","old_station_no":"879","eu_station_code":"BG3G00000NQMP056","latitude_dms":"42 23 59.8","longitude_dms":"26 30 35.6","latitude":42.39994444444444,"longitude":26.509888888888888,"point_type":"Шахтов кладенец","ground_elevation_m":119.412,"depth_m":4.62,"location":"Ханово","catchment":"Тунджа","gwb_code_original":"BG3G00000NQ054","gwb_code":"BG3G00000NQ054","geological_index":"Qal","measurement_type":"level","measurement_unit":"cm","value_2019":214.0,"value_2020":235.75,"source":"BD IBR PURB 2022-2027 - Annex 1.3.1.1 Niva i debiti podzemni vodi","source_period":"2019-2020","level_2019_cm":214.0,"level_2020_cm":235.75,"discharge_2019_ls":null,"discharge_2020_ls":null,"spatial_qa":"confirmed","spatial_qa_bg":"Пространствено потвърден","distance_to_expected_gwb_m":0.0,"containing_gwb_codes":"BG3G00000NQ054","nearest_gwb_code":"BG3G00000NQ054"}},{"type":"Feature","geometry":{"type":"Point","coordinates":[24.965877499999998,41.41873277777778]},"properties":{"source_row":109,"sequence":105,"station_no":"820I2","old_station_no":"","eu_station_code":"BG3G00000PTMP307","latitude_dms":"41 25 7.438","longitude_dms":"24 57  57.159","latitude":41.41873277777778,"longitude":24.965877499999998,"point_type":"Извор","ground_elevation_m":820.85,"depth_m":0.0,"location":"Ерма река","catchment":"Ерма река","gwb_code_original":"BG3G000PtPg049","gwb_code":"BG3G000PtPg049","geological_index":"Pt","measurement_type":"discharge","measurement_unit":"l/s","value_2019":2.26,"value_2020":1.8300000000000003,"source":"BD IBR PURB 2022-2027 - Annex 1.3.1.1 Niva i debiti podzemni vodi","source_period":"2019-2020","level_2019_cm":null,"level_2020_cm":null,"discharge_2019_ls":2.26,"discharge_2020_ls":1.8300000000000003,"spatial_qa":"confirmed","spatial_qa_bg":"Пространствено потвърден","distance_to_expected_gwb_m":0.0,"containing_gwb_codes":"BG3G000PtPg049","nearest_gwb_code":"BG3G000PtPg049"}},{"type":"Feature","geometry":{"type":"Point","coordinates":[25.053803055555555,41.4674075]},"properties":{"source_row":110,"sequence":106,"station_no":"822I2","old_station_no":"","eu_station_code":"BG3G00000PTMP308","latitude_dms":"41 28 02.667","longitude_dms":"25 03 13.691","latitude":41.4674075,"longitude":25.053803055555555,"point_type":"Извор","ground_elevation_m":0.0,"depth_m":0.0,"location":"Неделино","catchment":"Върбица - р.Неделинска ","gwb_code_original":"BG3G000PtPg049","gwb_code":"BG3G000PtPg049","geological_index":"Pt","measurement_type":"discharge","measurement_unit":"l/s","value_2019":6.9,"value_2020":8.459166666666667,"source":"BD IBR PURB 2022-2027 - Annex 1.3.1.1 Niva i debiti podzemni vodi","source_period":"2019-2020","level_2019_cm":null,"level_2020_cm":null,"discharge_2019_ls":6.9,"discharge_2020_ls":8.459166666666667,"spatial_qa":"confirmed","spatial_qa_bg":"Пространствено потвърден","distance_to_expected_gwb_m":0.0,"containing_gwb_codes":"BG3G000PtPg049","nearest_gwb_code":"BG3G000PtPg049"}},{"type":"Feature","geometry":{"type":"Point","coordinates":[25.589905833333333,41.40743472222222]},"properties":{"source_row":111,"sequence":107,"station_no":"824I3","old_station_no":"","eu_station_code":"BG3G00PTPG2MP322","latitude_dms":"41 24 26.765","longitude_dms":"25 35 23.661","latitude":41.40743472222222,"longitude":25.589905833333333,"point_type":"Извор","ground_elevation_m":0.0,"depth_m":0.0,"location":"Кандилка","catchment":"Крумовица-  р.Кесебир ","gwb_code_original":"BG3G000PtPg049","gwb_code":"BG3G000PtPg049","geological_index":"Pt-Pg","measurement_type":"discharge","measurement_unit":"l/s","value_2019":1.29,"value_2020":1.2725000000000002,"source":"BD IBR PURB 2022-2027 - Annex 1.3.1.1 Niva i debiti podzemni vodi","source_period":"2019-2020","level_2019_cm":null,"level_2020_cm":null,"discharge_2019_ls":1.29,"discharge_2020_ls":1.2725000000000002,"spatial_qa":"confirmed","spatial_qa_bg":"Пространствено потвърден","distance_to_expected_gwb_m":0.0,"containing_gwb_codes":"BG3G000PtPg049","nearest_gwb_code":"BG3G000PtPg049"}},{"type":"Feature","geometry":{"type":"Point","coordinates":[26.056687500000002,41.59923472222223]},"properties":{"source_row":112,"sequence":108,"station_no":"826I3","old_station_no":"","eu_station_code":"BG3G00PtPg2MP323","latitude_dms":"41 35 57.245","longitude_dms":"26 03 24.075","latitude":41.59923472222223,"longitude":26.056687500000002,"point_type":"Извор","ground_elevation_m":367.89,"depth_m":0.0,"location":"Камилски дол","catchment":"Арда","gwb_code_original":"BG3G000PtPg049","gwb_code":"BG3G000PtPg049","geological_index":"Pt-Pg","measurement_type":"discharge","measurement_unit":"l/s","value_2019":0.36,"value_2020":0.24575000000000005,"source":"BD IBR PURB 2022-2027 - Annex 1.3.1.1 Niva i debiti podzemni vodi","source_period":"2019-2020","level_2019_cm":null,"level_2020_cm":null,"discharge_2019_ls":0.36,"discharge_2020_ls":0.24575000000000005,"spatial_qa":"confirmed","spatial_qa_bg":"Пространствено потвърден","distance_to_expected_gwb_m":0.0,"containing_gwb_codes":"BG3G000PtPg049","nearest_gwb_code":"BG3G000PtPg049"}}],"monitoring_qa_metadata":{"method":"Point-in-polygon validation against official BD IBR GWB polygons","expected_gwb_source":"Annex 1.3.1.1","expected_code_preserved":true,"automatic_reassignment":false,"classification":{"confirmed":"Point falls inside expected GWB polygon","boundary_near":"Point outside expected polygon but <=250 m from it","review":"Point outside expected polygon and >250 m from it"},"counts":{"confirmed":99,"boundary_near":3,"review":5}}}